ID_P_I,DATE_I,INJURY_I
288,"01/06/06 00:00:00","leg"
619,"01/10/06 00:00:00","illness"
686,"01/10/06 00:00:00","shoulder"
24,"01/11/06 00:00:00","left hip"
288,"01/12/06 00:00:00","left thigh"
1042,"01/31/06 00:00:00","stomach"
1092,"02/02/06 00:00:00","shoulder"
717,"02/16/06 00:00:00","allergy"
76,"02/18/06 00:00:00","groin"
435,"02/20/06 00:00:00","injured leg"
935,"02/20/06 00:00:00","ankle"
6465,"02/27/06 00:00:00","right wrist"
468,"03/01/06 00:00:00","left shoulder"
37,"03/02/06 00:00:00","sinuses"
78,"03/03/06 00:00:00","left achilles"
935,"03/11/06 00:00:00","flu"
4009,"04/13/06 00:00:00","nerve, lower back"
47,"04/13/06 00:00:00","gastro"
56,"04/26/06 00:00:00","wrist"
4010,"04/29/06 00:00:00","leg"
4009,"05/15/06 00:00:00","breathing difficulty"
78,"05/16/06 00:00:00","shoulder"
22,"05/16/06 00:00:00","pollen allergy"
678,"06/22/06 00:00:00","shoulder"
74,"07/11/06 00:00:00","groin"
453,"07/11/06 00:00:00","left ankle"
563,"07/12/06 00:00:00","wrist"
2904,"07/19/06 00:00:00","heat illness"
30,"07/22/06 00:00:00","right shoulder"
662,"07/24/06 00:00:00","wrist"
47,"07/25/06 00:00:00","right elbow"
918,"07/25/06 00:00:00","right ankle"
1042,"07/26/06 00:00:00","dizziness"
487,"07/26/06 00:00:00","right elbow"
89,"07/28/06 00:00:00","left side strain"
666,"08/01/06 00:00:00","back"
840,"08/01/06 00:00:00","heat exhaustion"
864,"08/01/06 00:00:00","respiratory distress"
76,"08/05/06 00:00:00","groin"
578,"08/22/06 00:00:00","left hip"
672,"08/23/06 00:00:00","right ankle"
78,"08/25/06 00:00:00","right elbow"
655,"09/13/06 00:00:00","knee"
568,"09/15/06 00:00:00","dizziness"
563,"09/16/06 00:00:00","ankle"
487,"09/25/06 00:00:00","right shoulder"
54,"09/26/06 00:00:00","gastroenteritis"
98,"09/27/06 00:00:00","lower back"
98,"09/27/06 00:00:00","lower back"
6465,"09/28/06 00:00:00","stomach"
4045,"09/30/06 00:00:00","left foot"
661,"09/30/06 00:00:00","right hip"
1042,"10/10/06 00:00:00","right knee"
532,"10/11/06 00:00:00","back"
13,"10/11/06 00:00:00","right shoulder"
515,"10/14/06 00:00:00","stomach"
36,"10/16/06 00:00:00","stomach"
579,"10/19/06 00:00:00","sore throat"
1449,"10/19/06 00:00:00","lower back"
920,"10/24/06 00:00:00","stomach muscle"
558,"10/25/06 00:00:00","foot"
75,"10/25/06 00:00:00","sprained ankle"
568,"10/25/06 00:00:00","right ankle"
13,"10/25/06 00:00:00","thigh"
288,"10/31/06 00:00:00","sickness"
22,"11/04/06 00:00:00","sickness"
728,"01/02/07 00:00:00","inner thigh"
920,"01/02/07 00:00:00","dizziness"
717,"01/04/07 00:00:00","upset stomach"
677,"01/09/07 00:00:00","groin"
568,"01/10/07 00:00:00","right foot"
520,"01/12/07 00:00:00","virus"
431,"02/01/07 00:00:00","right shoulder"
71,"02/02/07 00:00:00","fatigue"
557,"02/02/07 00:00:00","leg inury"
1092,"02/09/07 00:00:00","Knee"
677,"02/09/07 00:00:00","Thigh"
6487,"02/05/07 00:00:00","Sprained Right Ankle"
875,"02/05/07 00:00:00","Bronchitis"
8806,"02/05/07 00:00:00","Sprained Right Ankle"
1531,"02/05/07 00:00:00","Lower Back"
824,"02/05/07 00:00:00","Migraine"
935,"02/05/07 00:00:00","Unknown"
3182,"02/05/07 00:00:00","Shoulder"
431,"02/05/07 00:00:00","Shoulder"
791,"02/05/07 00:00:00","Flu"
217,"02/05/07 00:00:00","Right Hamstring"
532,"02/05/07 00:00:00","Right Hand"
453,"01/29/07 00:00:00","Illness"
557,"01/29/07 00:00:00","Adductor"
431,"01/29/07 00:00:00","Right Shoulder"
573,"01/29/07 00:00:00","Back"
36,"01/29/07 00:00:00","Left Thigh"
8142,"01/29/07 00:00:00","Unknown"
1640,"01/29/07 00:00:00","Gastroenteritis"
1394,"01/29/07 00:00:00","Unknown"
631,"01/29/07 00:00:00","Ankle"
569,"01/22/07 00:00:00","Unknown"
573,"01/22/07 00:00:00","Back"
552,"01/22/07 00:00:00","Left Arm"
7540,"01/22/07 00:00:00","Heat Exhaustion"
1417,"01/22/07 00:00:00","Unknown"
6570,"01/22/07 00:00:00","Unknown"
3576,"01/22/07 00:00:00","Right Knee"
1057,"01/22/07 00:00:00","Right Shoulder"
963,"01/22/07 00:00:00","Left Knee"
1049,"01/22/07 00:00:00","Stomach Problems"
5838,"01/22/07 00:00:00","Abdominals"
4178,"01/22/07 00:00:00","Gastroenteritis"
708,"01/22/07 00:00:00","Stomach Muscle"
680,"01/22/07 00:00:00","Left Leg"
935,"01/22/07 00:00:00","Unknown"
377,"01/22/07 00:00:00","Left Hip"
6465,"01/15/07 00:00:00","Unknown"
920,"01/15/07 00:00:00","Stomach Bug"
278,"01/15/07 00:00:00","Cramps"
435,"01/15/07 00:00:00","Unknown"
563,"01/15/07 00:00:00","Ankle"
728,"01/15/07 00:00:00","Heat Exhaustion"
90,"01/15/07 00:00:00","Breathing Difficulties"
579,"01/15/07 00:00:00","Infected Blister"
64,"01/15/07 00:00:00","Right Hip"
189,"01/15/07 00:00:00","Unknown"
2013,"01/15/07 00:00:00","Right Foot"
3515,"01/15/07 00:00:00","Unknown"
751,"01/15/07 00:00:00","Unknown"
703,"01/15/07 00:00:00","Unknown"
1684,"01/15/07 00:00:00","Unknown"
520,"01/08/07 00:00:00","Virus"
568,"01/08/07 00:00:00","Right Foot"
564,"01/08/07 00:00:00","Knee"
205,"01/08/07 00:00:00","Unknown"
920,"01/08/07 00:00:00","Unknown"
499,"01/08/07 00:00:00","Unknown"
484,"01/08/07 00:00:00","Unknown"
677,"01/08/07 00:00:00","Groin"
288,"01/08/07 00:00:00","Right Wrist"
814,"01/08/07 00:00:00","Unknown"
579,"01/08/07 00:00:00","Right Foot Blister"
609,"01/08/07 00:00:00","Left Wrist"
7,"01/06/07 00:00:00","Calf"
9,"01/04/07 00:00:00","Knee"
920,"01/01/07 00:00:00","Dizziness"
45,"01/01/07 00:00:00","Back"
927,"01/01/07 00:00:00","Knee"
717,"01/01/07 00:00:00","Illness"
1684,"01/01/07 00:00:00","Right Quadriceps"
544,"01/01/07 00:00:00","Gastroenteritis"
638,"01/01/07 00:00:00","Right Groin"
205,"01/01/07 00:00:00","Back"
16,"01/01/07 00:00:00","Right Knee"
728,"01/01/07 00:00:00","Groin"
1464,"11/27/06 00:00:00","Late WD"
716,"11/27/06 00:00:00","Knee"
4061,"11/27/06 00:00:00","Upset Stomach"
312,"11/27/06 00:00:00","Unknown"
997,"11/27/06 00:00:00","Unknown"
4020,"11/27/06 00:00:00","Fatigue"
3742,"11/27/06 00:00:00","Food Poisoning"
7454,"11/27/06 00:00:00","No Show"
4040,"11/20/06 00:00:00","Personal"
1679,"11/20/06 00:00:00","Virus"
840,"11/20/06 00:00:00","Virus"
744,"11/20/06 00:00:00","Cramping"
152,"11/20/06 00:00:00","Left Shoulder"
845,"11/20/06 00:00:00","Unknown"
844,"11/20/06 00:00:00","Right Ankle"
1394,"11/20/06 00:00:00","Right Wrist Tendinitis"
2475,"11/20/06 00:00:00","Groin"
990,"11/20/06 00:00:00","Back"
748,"11/13/06 00:00:00","Unknown"
2651,"11/13/06 00:00:00","Unknown"
16,"11/13/06 00:00:00","Unknown"
649,"11/13/06 00:00:00","Unknown"
760,"11/13/06 00:00:00","Flu"
875,"11/13/06 00:00:00","Flu"
4014,"11/13/06 00:00:00","Lower Back"
734,"11/13/06 00:00:00","Unknown"
5086,"11/13/06 00:00:00","Left Leg"
864,"11/13/06 00:00:00","Right Hamstring"
891,"11/13/06 00:00:00","Right Hamstring"
8883,"11/13/06 00:00:00","Unknown"
1313,"11/13/06 00:00:00","Low Back Strain"
312,"11/13/06 00:00:00","Stomach"
1394,"11/13/06 00:00:00","Unknown"
7868,"11/13/06 00:00:00","Abdominal"
555,"11/13/06 00:00:00","Dehydration"
1183,"11/06/06 00:00:00","Hip"
16,"11/06/06 00:00:00","Unknown"
840,"11/06/06 00:00:00","Abdominal"
703,"11/06/06 00:00:00","Unknown"
5962,"11/06/06 00:00:00","Unknown"
2055,"11/06/06 00:00:00","Stomach"
712,"11/06/06 00:00:00","Right Ankle"
6465,"11/06/06 00:00:00","Right Shoulder"
22,"10/30/06 00:00:00","Sickness"
703,"10/30/06 00:00:00","Unknown"
531,"10/30/06 00:00:00","Unknown"
7988,"10/30/06 00:00:00","Right Hip"
401,"10/30/06 00:00:00","Knee"
659,"10/30/06 00:00:00","Muscle Sprain"
674,"10/30/06 00:00:00","Right Quadriceps"
2179,"10/30/06 00:00:00","Cramps"
3676,"10/30/06 00:00:00","Sick"
840,"10/30/06 00:00:00","Unknown"
484,"10/30/06 00:00:00","Unknown"
516,"10/30/06 00:00:00","Unknown"
3833,"10/30/06 00:00:00","Unknown"
5052,"10/30/06 00:00:00","Unknown"
3996,"10/30/06 00:00:00","Gastroenteritis"
19,"10/30/06 00:00:00","Fatigue"
4045,"10/30/06 00:00:00","Quadriceps"
288,"10/30/06 00:00:00","Sinus"
677,"10/30/06 00:00:00","Ribs"
564,"10/30/06 00:00:00","Gastroenteritis"
75,"10/23/06 00:00:00","Ankle"
280,"10/23/06 00:00:00","Left Ankle"
110,"10/23/06 00:00:00","Left knee"
74,"10/23/06 00:00:00","Unknown"
667,"10/23/06 00:00:00","Left Quadriceps"
3579,"10/23/06 00:00:00","Fatigue"
267,"10/23/06 00:00:00","Right Shoulder"
158,"10/23/06 00:00:00","Right Index Finger"
76,"10/23/06 00:00:00","Glutial Strain"
558,"10/23/06 00:00:00","Left foot"
568,"10/23/06 00:00:00","Foot"
5992,"10/23/06 00:00:00","Exhaustion"
7136,"10/23/06 00:00:00","Back"
1075,"10/23/06 00:00:00","Throat Infection"
831,"10/23/06 00:00:00","Abdominal Strain"
920,"10/23/06 00:00:00","Abdominal Strain"
444,"10/23/06 00:00:00","Right Hand"
52,"10/16/06 00:00:00","Left knee"
3742,"10/16/06 00:00:00","Unknown"
864,"10/16/06 00:00:00","Right Shoulder"
2179,"10/16/06 00:00:00","Stomach"
1620,"10/16/06 00:00:00","Right Hand Blister"
3299,"10/16/06 00:00:00","Groin"
7639,"10/16/06 00:00:00","Unknown"
6137,"10/16/06 00:00:00","Unknown"
7461,"10/16/06 00:00:00","Unknown"
3014,"10/16/06 00:00:00","Right Ankle"
579,"10/16/06 00:00:00","Sore Throat"
5917,"10/16/06 00:00:00","Right Ankle"
36,"10/16/06 00:00:00","Stomach"
4010,"10/16/06 00:00:00","Shoulder"
78,"10/09/06 00:00:00","Unknown"
13,"10/09/06 00:00:00","Right Shoulder"
1569,"10/09/06 00:00:00","Unknown"
1333,"10/09/06 00:00:00","Right Rib Strain"
884,"10/09/06 00:00:00","Periosteum"
722,"10/09/06 00:00:00","Right Knee"
94,"10/09/06 00:00:00","Illness"
6458,"10/09/06 00:00:00","Abdominal"
49,"10/09/06 00:00:00","Right Leg Contracture"
814,"10/09/06 00:00:00","Headache"
4427,"10/09/06 00:00:00","Neck Contracture"
532,"10/09/06 00:00:00","Back"
1042,"10/09/06 00:00:00","Right Knee"
773,"10/09/06 00:00:00","Unknown"
672,"10/09/06 00:00:00","Virus"
2708,"10/02/06 00:00:00","Cramps"
767,"10/02/06 00:00:00","Right Knee"
653,"10/02/06 00:00:00","Right Leg"
5052,"10/02/06 00:00:00","Unknown"
523,"10/02/06 00:00:00","Stomach Flu"
256,"09/25/06 00:00:00","Knee"
4045,"09/25/06 00:00:00","Left foot"
643,"09/25/06 00:00:00","Unknown"
638,"09/25/06 00:00:00","Flu"
544,"09/25/06 00:00:00","Wrist Pain"
863,"09/25/06 00:00:00","Back Pain"
3026,"09/25/06 00:00:00","Hamstring"
869,"09/25/06 00:00:00","Unknown"
1124,"09/25/06 00:00:00","Entered in ESP F31"
689,"09/25/06 00:00:00","Shoulder"
854,"09/25/06 00:00:00","Sore Shoulder"
487,"09/25/06 00:00:00","Right Shoulder"
98,"09/25/06 00:00:00","Lower Back"
850,"09/25/06 00:00:00","Unknown"
6465,"09/25/06 00:00:00","Gastroenteritis"
54,"09/25/06 00:00:00","Gastroenteritis"
11130,"09/25/06 00:00:00","Unknown"
625,"09/25/06 00:00:00","Unknown"
845,"09/25/06 00:00:00","Unknown"
2706,"09/25/06 00:00:00","Shoulder"
2227,"09/25/06 00:00:00","Fever"
636,"09/25/06 00:00:00","Right Hip"
3330,"09/25/06 00:00:00","Right Leg"
4009,"09/25/06 00:00:00","Right Shoulder Sprain"
642,"09/25/06 00:00:00","Davis Cup Monday"
523,"09/25/06 00:00:00","Shoulder"
636,"09/18/06 00:00:00","Cramping"
2214,"09/18/06 00:00:00","Back"
3030,"09/18/06 00:00:00","Right Leg"
700,"09/18/06 00:00:00","Back"
1333,"09/18/06 00:00:00","Unknown"
1057,"09/18/06 00:00:00","Dehydration"
4149,"09/18/06 00:00:00","Stomach"
6108,"09/18/06 00:00:00","Back"
563,"09/11/06 00:00:00","Right Ankle"
176,"09/11/06 00:00:00","Back Surgery"
850,"09/11/06 00:00:00","Unknown"
27,"09/11/06 00:00:00","Left Leg"
734,"09/11/06 00:00:00","Cramping"
677,"09/11/06 00:00:00","Ankle"
631,"09/11/06 00:00:00","Unknown"
696,"09/11/06 00:00:00","Unknown"
9806,"09/11/06 00:00:00","Unknown"
1315,"09/11/06 00:00:00","Unknown"
625,"09/11/06 00:00:00","Fever"
4014,"09/11/06 00:00:00","Unknown"
568,"09/11/06 00:00:00","Dizziness"
655,"09/11/06 00:00:00","Knee"
1642,"09/11/06 00:00:00","Right Knee"
1469,"09/04/06 00:00:00","Right Shoulder Tendinitis"
27,"09/04/06 00:00:00","No Show"
484,"09/04/06 00:00:00","Latissimus Dorsi"
94,"09/04/06 00:00:00","Acute Tonsillitis"
4020,"09/04/06 00:00:00","LW"
778,"09/04/06 00:00:00","LW"
311,"09/04/06 00:00:00","Right Knee"
879,"09/04/06 00:00:00","Right Shoulder"
266,"09/04/06 00:00:00","Dehydration"
1789,"09/04/06 00:00:00","Unknown"
2229,"09/04/06 00:00:00","Right Shoulder Pain"
323,"09/04/06 00:00:00","Headache"
2209,"09/04/06 00:00:00","Unknown"
1872,"09/04/06 00:00:00","Groin"
531,"09/04/06 00:00:00","Right Leg Muscle"
844,"09/04/06 00:00:00","Right Arm"
760,"09/04/06 00:00:00","Knee"
748,"09/04/06 00:00:00","Right Leg"
4460,"09/04/06 00:00:00","Right Ankle"
868,"08/28/06 00:00:00","Back Pain"
524,"08/28/06 00:00:00","Right Elbow"
7540,"08/28/06 00:00:00","No Show"
286,"08/28/06 00:00:00","Right Elbow"
1003,"08/28/06 00:00:00","Low Back Pain"
1671,"08/28/06 00:00:00","Right Leg"
578,"08/28/06 00:00:00","Unknown"
30,"08/28/06 00:00:00","Unknown"
3515,"08/28/06 00:00:00","Unknown"
2858,"08/28/06 00:00:00","Unknown"
882,"08/28/06 00:00:00","Fever"
603,"08/28/06 00:00:00","Right Elbow"
4208,"08/28/06 00:00:00","Low Back Pain"
1863,"08/28/06 00:00:00","Left Shoulder"
1088,"08/28/06 00:00:00","Unknown"
280,"08/28/06 00:00:00","Unknown"
804,"08/21/06 00:00:00","Shoulder"
1936,"08/21/06 00:00:00","Right Shoulder"
266,"08/21/06 00:00:00","Right Leg"
1674,"08/21/06 00:00:00","Right Ankle"
3492,"08/21/06 00:00:00","Left Thigh"
669,"08/21/06 00:00:00","Right Ankle"
78,"08/21/06 00:00:00","Right Elbow"
672,"08/21/06 00:00:00","Right Ankle"
578,"08/21/06 00:00:00","Hip"
707,"08/14/06 00:00:00","Back"
799,"08/14/06 00:00:00","Unknown"
3560,"08/14/06 00:00:00","Unknown"
838,"08/14/06 00:00:00","Unknown"
376,"08/14/06 00:00:00","No Show"
16,"08/14/06 00:00:00","Unknown"
744,"08/14/06 00:00:00","Abdominal"
638,"08/14/06 00:00:00","Unknown"
7847,"08/14/06 00:00:00","To Main Draw"
1266,"08/14/06 00:00:00","Unknown"
5844,"08/14/06 00:00:00","Unknown"
868,"08/14/06 00:00:00","Withdrew"
1684,"08/14/06 00:00:00","No Show"
4327,"08/14/06 00:00:00","Unknown"
377,"08/14/06 00:00:00","Unknown"
35,"08/14/06 00:00:00","Lower Back"
3,"08/14/06 00:00:00","Back Pain"
30,"08/14/06 00:00:00","Unknown"
7295,"08/14/06 00:00:00","Ankle"
427,"08/07/06 00:00:00","Back Strain"
1886,"08/07/06 00:00:00","Unknown"
16,"08/07/06 00:00:00","Bone Bruise"
4278,"08/07/06 00:00:00","Unknown"
7122,"08/07/06 00:00:00","Unknown"
1673,"08/07/06 00:00:00","Unknown"
750,"08/07/06 00:00:00","Unknown"
1003,"08/07/06 00:00:00","Unknown"
3233,"08/07/06 00:00:00","Unknown"
909,"08/07/06 00:00:00","Unknown"
94,"08/07/06 00:00:00","Unknown"
2214,"08/07/06 00:00:00","Right Leg"
111,"08/07/06 00:00:00","Right Shoulder"
27,"08/07/06 00:00:00","Intercostal Pain"
744,"08/07/06 00:00:00","Abdominal Strain"
3026,"08/07/06 00:00:00","Back Pain"
15,"08/07/06 00:00:00","Shoulder"
1124,"08/07/06 00:00:00","Shoulder"
878,"08/07/06 00:00:00","Fatigue"
5080,"08/07/06 00:00:00","Cramping"
7,"08/07/06 00:00:00","Right Knee"
427,"08/07/06 00:00:00","Upper Back Strain"
89,"08/07/06 00:00:00","Abdominal Strain"
670,"07/31/06 00:00:00","Lower Back"
76,"07/31/06 00:00:00","Groin"
2012,"07/31/06 00:00:00","Right Knee"
16,"07/31/06 00:00:00","Unknown"
2529,"07/31/06 00:00:00","Exhaustion"
256,"07/31/06 00:00:00","Viral Cold"
3833,"07/31/06 00:00:00","Left Foot Blisters"
6848,"07/31/06 00:00:00","Late WD"
1157,"07/31/06 00:00:00","Back Sprain"
3127,"07/31/06 00:00:00","Unknown"
552,"07/31/06 00:00:00","Unknown"
763,"07/31/06 00:00:00","Right Shoulder"
569,"07/31/06 00:00:00","Unknown"
4146,"07/31/06 00:00:00","Late WD"
708,"07/31/06 00:00:00","Right Ankle"
1459,"07/31/06 00:00:00","Fever"
664,"07/31/06 00:00:00","Lower Back Pain"
8883,"07/31/06 00:00:00","Right Shoulder"
7818,"07/31/06 00:00:00","Right Arm"
2377,"07/31/06 00:00:00","Unknown"
707,"07/31/06 00:00:00","Lower Back"
7625,"07/31/06 00:00:00","Lower Back"
10411,"07/31/06 00:00:00","Right Leg"
667,"07/31/06 00:00:00","Right Shoulder"
89,"07/31/06 00:00:00","Abdominal Strain"
864,"07/31/06 00:00:00","Respiratory Distress"
840,"07/31/06 00:00:00","Heat Exhaustion"
666,"07/31/06 00:00:00","Back"
30,"07/31/06 00:00:00","Right Shoulder"
2451,"07/31/06 00:00:00","Cramping"
5080,"07/31/06 00:00:00","Heat Exhaustion"
948,"07/31/06 00:00:00","Wrist"
6006,"07/31/06 00:00:00","Right Knee"
940,"07/31/06 00:00:00","Headache"
8593,"07/31/06 00:00:00","Right Shoulder"
5992,"07/24/06 00:00:00","Respiratory"
3833,"07/24/06 00:00:00","Left foot"
673,"07/24/06 00:00:00","Unknown"
41,"07/24/06 00:00:00","Right Shoulder Strain"
2107,"07/24/06 00:00:00","Lower Back"
3967,"07/24/06 00:00:00","Left Ankle"
6570,"07/24/06 00:00:00","No Show"
3515,"07/24/06 00:00:00","LW"
579,"07/24/06 00:00:00","Stomach"
484,"07/24/06 00:00:00","Back"
9047,"07/24/06 00:00:00","Back Pain"
569,"07/24/06 00:00:00","Unknown"
323,"07/24/06 00:00:00","Unknown"
4176,"07/24/06 00:00:00","Unknown"
684,"07/24/06 00:00:00","Unknown"
517,"07/24/06 00:00:00","Lower Back"
1506,"07/24/06 00:00:00","Lower Back"
1677,"07/24/06 00:00:00","Right Hip"
1075,"07/24/06 00:00:00","Neck"
695,"07/24/06 00:00:00","Unknown"
1119,"07/24/06 00:00:00","Unknown"
1671,"07/24/06 00:00:00","Unknown"
948,"07/24/06 00:00:00","Left knee"
331,"07/24/06 00:00:00","Back"
6820,"07/24/06 00:00:00","To Main Draw"
9027,"07/24/06 00:00:00","No Show"
89,"07/24/06 00:00:00","Left Side Strain"
487,"07/24/06 00:00:00","Right Elbow"
1042,"07/24/06 00:00:00","Heat and Dizziness"
918,"07/24/06 00:00:00","Right Ankle"
47,"07/24/06 00:00:00","Right Elbow"
662,"07/24/06 00:00:00","Wrist"
1947,"07/24/06 00:00:00","Illness"
311,"07/24/06 00:00:00","Illness"
358,"07/24/06 00:00:00","Right Hip Strain"
1640,"07/24/06 00:00:00","Illness"
3182,"07/24/06 00:00:00","Side Stomach Strain"
3988,"07/21/06 00:00:00","Unknown"
1422,"07/21/06 00:00:00","Unknown"
37,"07/17/06 00:00:00","Surgery on Left Wrist"
331,"07/17/06 00:00:00","Low Back Strain"
30,"07/17/06 00:00:00","Right Shoulder"
487,"07/17/06 00:00:00","Unknown"
648,"07/17/06 00:00:00","Headache"
669,"07/17/06 00:00:00","Neck"
2999,"07/17/06 00:00:00","Right foot blister"
4176,"07/17/06 00:00:00","Left Wrist"
579,"07/17/06 00:00:00","Back"
869,"07/17/06 00:00:00","Stomach"
1380,"07/17/06 00:00:00","Adductor"
133,"07/17/06 00:00:00","Back"
736,"07/17/06 00:00:00","Lower Back"
1954,"07/17/06 00:00:00","Acute Conjunctivitis"
2638,"07/17/06 00:00:00","Unknown"
707,"07/17/06 00:00:00","Flu"
1233,"07/17/06 00:00:00","Stomach"
2578,"07/17/06 00:00:00","Right Foot"
2904,"07/17/06 00:00:00","Heat Illness"
757,"07/17/06 00:00:00","Right Shoulder"
678,"07/17/06 00:00:00","Right Groin"
1177,"07/17/06 00:00:00","Flu"
7451,"07/17/06 00:00:00","Adductor Strain"
4217,"07/17/06 00:00:00","Heat Stress"
677,"07/17/06 00:00:00","Left Hand"
4178,"07/10/06 00:00:00","Arm"
563,"07/10/06 00:00:00","Wrist Injury"
1387,"07/10/06 00:00:00","Unknown"
435,"07/10/06 00:00:00","Personal"
6935,"07/10/06 00:00:00","Right Shoulder"
3833,"07/10/06 00:00:00","Unknown"
1123,"07/10/06 00:00:00","Left Leg"
6245,"07/10/06 00:00:00","Right Leg"
1872,"07/10/06 00:00:00","Right Deltoid"
1258,"07/10/06 00:00:00","Right wrist"
4283,"07/10/06 00:00:00","Unknown"
7847,"07/10/06 00:00:00","To Mantova where he WD"
655,"07/10/06 00:00:00","Left knee"
453,"07/10/06 00:00:00","Left Ankle"
716,"07/10/06 00:00:00","To Main Draw"
4964,"07/10/06 00:00:00","Shoulder"
74,"07/10/06 00:00:00","Groin"
3988,"07/10/06 00:00:00","Back"
523,"07/03/06 00:00:00","Back"
7461,"07/03/06 00:00:00","Ankle"
8401,"07/03/06 00:00:00","WC given in error"
3345,"07/03/06 00:00:00","Lower Back"
59,"07/03/06 00:00:00","Right achilles tendinitis"
664,"07/03/06 00:00:00","Lower Back"
4260,"07/03/06 00:00:00","Left Leg"
773,"07/03/06 00:00:00","Unknown"
7122,"07/03/06 00:00:00","Abductor Pull"
74,"07/03/06 00:00:00","Elbow"
38,"07/03/06 00:00:00","Unknown"
814,"07/03/06 00:00:00","Right Arm"
1872,"06/26/06 00:00:00","Cramping"
748,"06/26/06 00:00:00","Right Knee"
4236,"06/26/06 00:00:00","Right Shoulder Tendinitis"
880,"06/26/06 00:00:00","Left Shoulder"
4245,"06/26/06 00:00:00","Unknown"
631,"06/26/06 00:00:00","Tight Contracture"
1476,"06/26/06 00:00:00","Heat Exhaustion"
1157,"06/26/06 00:00:00","Right Ankle Sprain"
1672,"06/26/06 00:00:00","Right foot blister"
8853,"06/26/06 00:00:00","Abdominal"
553,"06/26/06 00:00:00","Upset Stomach"
21,"06/26/06 00:00:00","Back"
516,"06/26/06 00:00:00","Unknown"
24,"06/26/06 00:00:00","Shoulder"
83,"06/26/06 00:00:00","Unknown"
442,"06/26/06 00:00:00","Back"
695,"06/26/06 00:00:00","Back"
1162,"06/26/06 00:00:00","Knee"
30,"06/26/06 00:00:00","Elbow"
99,"06/26/06 00:00:00","Unknown"
278,"06/26/06 00:00:00","Unknown"
91,"06/26/06 00:00:00","Unknown"
594,"06/26/06 00:00:00","Unknown"
493,"06/26/06 00:00:00","Unknown"
1258,"06/19/06 00:00:00","Right Arm"
845,"06/19/06 00:00:00","Right Arm"
2379,"06/19/06 00:00:00","Left Leg"
3030,"06/19/06 00:00:00","Right Triceps"
663,"06/19/06 00:00:00","Right wrist"
678,"06/19/06 00:00:00","Shoulder"
612,"06/19/06 00:00:00","Respiratory Illness"
672,"06/19/06 00:00:00","Lower Back"
37,"06/19/06 00:00:00","Wrist"
71,"06/19/06 00:00:00","Back"
4370,"06/19/06 00:00:00","Unknown"
9738,"06/19/06 00:00:00","Right Wrist"
427,"06/12/06 00:00:00","Virus"
672,"06/12/06 00:00:00","Lower Back"
221,"06/12/06 00:00:00","Right Elbow"
510,"06/12/06 00:00:00","Unknown"
850,"06/12/06 00:00:00","Stomach"
594,"06/12/06 00:00:00","Left Leg"
7136,"06/12/06 00:00:00","Virus"
2123,"06/12/06 00:00:00","Right Hand Blisters"
133,"06/12/06 00:00:00","Flu"
66,"06/12/06 00:00:00","Leg"
37,"06/12/06 00:00:00","Wrist"
5917,"06/12/06 00:00:00","Back"
677,"06/12/06 00:00:00","Shoulder"
48,"06/12/06 00:00:00","Hip"
552,"06/12/06 00:00:00","Foot"
744,"06/12/06 00:00:00","Leg"
655,"06/12/06 00:00:00","Knee"
221,"06/05/06 00:00:00","Right Elbow"
899,"06/05/06 00:00:00","Nerve Entrapment"
806,"06/05/06 00:00:00","Wrist"
217,"06/05/06 00:00:00","Heel Spur"
7461,"06/05/06 00:00:00","Ankle Sprain"
738,"06/05/06 00:00:00","Hamstring Strain"
8597,"06/05/06 00:00:00","Gluteal Strain"
526,"06/05/06 00:00:00","Back"
6508,"06/05/06 00:00:00","Right Shoulder"
367,"06/05/06 00:00:00","Abdominal Strain"
531,"06/05/06 00:00:00","Right Shoulder"
557,"06/05/06 00:00:00","Unknown"
101,"06/05/06 00:00:00","Unknown"
631,"06/05/06 00:00:00","Right Quadriceps"
1576,"06/05/06 00:00:00","Right Wrist"
38,"06/05/06 00:00:00","Right Shoulder"
666,"06/05/06 00:00:00","Adductor"
831,"06/05/06 00:00:00","Left Thigh"
643,"06/05/06 00:00:00","Shoulder"
854,"06/05/06 00:00:00","Left Ankle"
98,"06/05/06 00:00:00","Shoulder"
838,"06/05/06 00:00:00","Back"
669,"06/05/06 00:00:00","Illness"
9584,"06/05/06 00:00:00","Unknown"
564,"05/29/06 00:00:00","Abdominal"
5992,"05/29/06 00:00:00","Back"
56,"05/29/06 00:00:00","Back"
3833,"05/29/06 00:00:00","Right Foot Blister"
453,"05/29/06 00:00:00","Left Hip"
510,"05/29/06 00:00:00","Back"
779,"05/29/06 00:00:00","Right Shoulder"
401,"05/29/06 00:00:00","Left Shoulder"
8549,"05/29/06 00:00:00","Lower Back"
37,"05/29/06 00:00:00","Left Wrist"
90,"05/29/06 00:00:00","Unknown"
611,"05/29/06 00:00:00","Flu"
487,"05/29/06 00:00:00","Back"
89,"05/29/06 00:00:00","Ankle"
558,"05/29/06 00:00:00","Upset Stomach"
695,"05/29/06 00:00:00","Back"
12,"05/29/06 00:00:00","Groin"
76,"05/29/06 00:00:00","Back"
661,"05/29/06 00:00:00","Unknown"
1162,"05/29/06 00:00:00","Knee"
30,"05/29/06 00:00:00","Elbow"
672,"05/22/06 00:00:00","Quadriceps"
487,"05/22/06 00:00:00","Back"
674,"05/22/06 00:00:00","Right Elbow"
89,"05/22/06 00:00:00","Sprained Ankle"
503,"05/15/06 00:00:00","Back"
5838,"05/15/06 00:00:00","Right Wrist"
749,"05/15/06 00:00:00","Illness"
621,"05/15/06 00:00:00","Back"
424,"05/15/06 00:00:00","Right Shoulder"
587,"05/15/06 00:00:00","Abdominal"
862,"05/15/06 00:00:00","Back"
869,"05/15/06 00:00:00","To Main Draw"
677,"05/15/06 00:00:00","Fatigue"
19,"05/15/06 00:00:00","Fatigue"
22,"05/15/06 00:00:00","Pollen Allergy"
78,"05/15/06 00:00:00","Shoulder"
4009,"05/15/06 00:00:00","Respiratory Distress"
3742,"05/15/06 00:00:00","Right Hamstring"
4178,"05/15/06 00:00:00","Right Shoulder"
990,"05/15/06 00:00:00","Right Shoulder"
5103,"05/15/06 00:00:00","Sprained Right Ankle"
5962,"05/15/06 00:00:00","Back Pain"
1266,"05/15/06 00:00:00","Left Arm"
2456,"05/15/06 00:00:00","Right Shoulder"
1694,"05/15/06 00:00:00","Lower Back"
7,"05/12/06 00:00:00","Left Calf Muscle"
891,"05/08/06 00:00:00","Groin"
1157,"05/08/06 00:00:00","Flu"
3053,"05/08/06 00:00:00","Cramps"
673,"05/08/06 00:00:00","Shoulder"
568,"05/08/06 00:00:00","Leg"
850,"05/08/06 00:00:00","Right Shoulder"
8143,"05/08/06 00:00:00","Unknown"
5963,"05/08/06 00:00:00","Unknown"
659,"05/01/06 00:00:00","Tendinitis"
3638,"05/01/06 00:00:00","No Show"
53,"05/01/06 00:00:00","Unknown"
6840,"05/01/06 00:00:00","Left Wrist"
5918,"05/01/06 00:00:00","Right knee"
4305,"05/01/06 00:00:00","Unknown"
3737,"05/01/06 00:00:00","To Main Draw"
662,"05/01/06 00:00:00","Right shoulder"
3682,"05/01/06 00:00:00","Abductor right leg"
1088,"05/01/06 00:00:00","Back low pain"
52,"05/01/06 00:00:00","Stomach muscle strain"
4149,"05/01/06 00:00:00","Left leg hamstring"
5841,"05/01/06 00:00:00","Breathing Problem"
2706,"05/01/06 00:00:00","Back"
814,"05/01/06 00:00:00","Fever"
431,"05/01/06 00:00:00","Shoulder"
221,"05/01/06 00:00:00","Unknown"
301,"05/01/06 00:00:00","Back"
2,"05/01/06 00:00:00","Left Ankle"
4045,"05/01/06 00:00:00","Back"
84,"05/01/06 00:00:00","Abdominal"
4010,"05/01/06 00:00:00","Acute Fatigue"
695,"05/01/06 00:00:00","Abdominal"
556,"05/01/06 00:00:00","Right Ankle"
532,"05/01/06 00:00:00","Right hand tendonitis"
4178,"04/24/06 00:00:00","Right Shoulder"
1184,"04/24/06 00:00:00","Stomach"
3146,"04/24/06 00:00:00","Right wrist"
744,"04/24/06 00:00:00","Upset Stomach"
760,"04/24/06 00:00:00","To Barcelon Quals"
1642,"04/24/06 00:00:00","Fever"
4010,"04/24/06 00:00:00","Leg"
53,"04/24/06 00:00:00","Unknown"
663,"04/24/06 00:00:00","Unknown"
4052,"04/24/06 00:00:00","Unknown"
286,"04/24/06 00:00:00","Right Ankle"
1157,"04/24/06 00:00:00","Left Shoulder"
599,"04/24/06 00:00:00","Unknown"
532,"04/24/06 00:00:00","Right Wrist"
669,"04/24/06 00:00:00","Back"
6211,"04/24/06 00:00:00","Tendinitis"
3054,"04/24/06 00:00:00","Right shoulder"
358,"04/24/06 00:00:00","Laryngitis"
855,"04/24/06 00:00:00","Stomach pain"
1886,"04/24/06 00:00:00","Femoral bicepts"
831,"04/17/06 00:00:00","Stomach"
37,"04/17/06 00:00:00","Stomach"
714,"04/17/06 00:00:00","Unknown"
22,"04/17/06 00:00:00","Wrist"
652,"04/17/06 00:00:00","Arm"
13,"04/17/06 00:00:00","Back"
484,"04/17/06 00:00:00","Unknown"
703,"04/17/06 00:00:00","Unknown"
469,"04/17/06 00:00:00","Unknown"
573,"04/17/06 00:00:00","Back"
509,"04/17/06 00:00:00","Unknown"
4283,"04/17/06 00:00:00","Unknown"
1239,"04/17/06 00:00:00","Unknown"
762,"04/17/06 00:00:00","Heat Exhaustion"
1872,"04/17/06 00:00:00","Fever"
1088,"04/17/06 00:00:00","Back"
5838,"04/17/06 00:00:00","Stomach"
4067,"04/17/06 00:00:00","Right Foot"
1823,"04/17/06 00:00:00","Unknown"
3027,"04/17/06 00:00:00","Unknown"
569,"04/17/06 00:00:00","Left Quad"
4176,"04/17/06 00:00:00","Right Knee"
637,"04/17/06 00:00:00","Elbow"
16,"04/17/06 00:00:00","Left knee"
6137,"04/17/06 00:00:00","Back Muscle"
116,"04/17/06 00:00:00","Unknown"
616,"04/17/06 00:00:00","Back Muscle"
707,"04/17/06 00:00:00","Unknown"
811,"04/17/06 00:00:00","Unknown"
3110,"04/17/06 00:00:00","Unknown"
1239,"04/10/06 00:00:00","Tendonitis Left Knee"
762,"04/10/06 00:00:00","Right Shoulder"
773,"04/10/06 00:00:00","Illness"
716,"04/10/06 00:00:00","Unknown"
609,"04/10/06 00:00:00","Unknown"
673,"04/10/06 00:00:00","Back"
283,"04/10/06 00:00:00","Shoulder"
1718,"04/10/06 00:00:00","Left Hand Tendonitis"
6465,"04/10/06 00:00:00","Lower Back"
638,"04/10/06 00:00:00","Right Shoulder"
3291,"04/10/06 00:00:00","Unknown"
5080,"04/10/06 00:00:00","Unknown"
1042,"04/10/06 00:00:00","Shoulder"
22,"04/10/06 00:00:00","Wrist"
47,"04/10/06 00:00:00","Stomach"
4009,"04/10/06 00:00:00","Back"
736,"04/10/06 00:00:00","Right Shoulder"
611,"04/10/06 00:00:00","Abdominal Muscle"
8980,"04/07/06 00:00:00","Unknown"
8107,"04/07/06 00:00:00","Unknown"
7146,"04/07/06 00:00:00","Unknown"
736,"04/07/06 00:00:00","Unknown"
697,"04/03/06 00:00:00","Unknown"
1672,"04/03/06 00:00:00","Left knee"
377,"04/03/06 00:00:00","Unknown"
756,"04/03/06 00:00:00","Right Leg"
879,"04/03/06 00:00:00","Right Ankle"
4211,"04/03/06 00:00:00","Unknown"
2227,"04/03/06 00:00:00","Unknown"
52,"04/03/06 00:00:00","Unknown"
795,"04/03/06 00:00:00","Unknown"
116,"04/03/06 00:00:00","Unknown"
1009,"04/03/06 00:00:00","Unknown"
473,"04/03/06 00:00:00","Unknown"
3182,"03/27/06 00:00:00","Right Shoulder"
2214,"03/27/06 00:00:00","Throat Infection"
621,"03/27/06 00:00:00","Right Ankle"
756,"03/27/06 00:00:00","Right Leg"
40,"03/27/06 00:00:00","Left Leg"
444,"03/27/06 00:00:00","Abdominal"
1258,"03/27/06 00:00:00","Unknown"
864,"03/27/06 00:00:00","Back"
667,"03/27/06 00:00:00","Right Shoulder"
6226,"03/27/06 00:00:00","Unknown"
612,"03/20/06 00:00:00","Flu"
563,"03/20/06 00:00:00","Fatigue"
3,"03/20/06 00:00:00","Back"
176,"03/20/06 00:00:00","Cramps"
728,"03/20/06 00:00:00","Groin"
47,"03/20/06 00:00:00","Illness"
65,"03/20/06 00:00:00","Right Knee"
49,"03/20/06 00:00:00","Left Leg"
5841,"03/20/06 00:00:00","Right Shoulder"
1469,"03/20/06 00:00:00","Right Shoulder"
663,"03/13/06 00:00:00","Right Wrist"
575,"03/13/06 00:00:00","Illness"
3026,"03/13/06 00:00:00","Left Ankle"
824,"03/13/06 00:00:00","Right Hand"
91,"03/13/06 00:00:00","Elbow"
1640,"03/13/06 00:00:00","Lower Back"
661,"03/13/06 00:00:00","Right Leg Sprain"
680,"03/13/06 00:00:00","Right Shoulder"
1958,"03/13/06 00:00:00","Left Foot"
594,"03/13/06 00:00:00","Stomach"
2179,"03/13/06 00:00:00","Dehydration"
3345,"03/13/06 00:00:00","Dehydration"
278,"03/13/06 00:00:00","Dehydration"
1010,"03/13/06 00:00:00","Unknown"
5086,"03/13/06 00:00:00","Unknown"
901,"03/13/06 00:00:00","Stomach"
751,"03/13/06 00:00:00","Unknown"
599,"03/13/06 00:00:00","Dehydration"
762,"03/13/06 00:00:00","Right Shoulder"
499,"03/13/06 00:00:00","Left Abdominal"
1441,"03/13/06 00:00:00","Unknown"
677,"03/10/06 00:00:00","Ankle"
22,"03/10/06 00:00:00","Stomach"
935,"03/10/06 00:00:00","Flu"
578,"03/06/06 00:00:00","Left Hamstring"
2974,"03/06/06 00:00:00","Unknown"
3853,"03/06/06 00:00:00","Right Side Strain"
7393,"03/06/06 00:00:00","Unknown"
1568,"03/06/06 00:00:00","Unknown"
742,"02/27/06 00:00:00","Right Shoulder"
684,"02/27/06 00:00:00","Left Leg"
867,"02/27/06 00:00:00","Unknown"
22,"02/27/06 00:00:00","Shoulder"
411,"02/27/06 00:00:00","Shoulder"
78,"02/27/06 00:00:00","Foot"
37,"02/27/06 00:00:00","Illness"
468,"02/27/06 00:00:00","Left shoulder"
6108,"02/27/06 00:00:00","Unknown"
558,"02/27/06 00:00:00","Unknown"
53,"02/27/06 00:00:00","Personal"
552,"02/27/06 00:00:00","Unknown"
1042,"02/27/06 00:00:00","Muscle Fatigue"
83,"02/27/06 00:00:00","Right Foot"
6465,"02/27/06 00:00:00","Unknown"
1042,"02/27/06 00:00:00","Unknown"
879,"02/27/06 00:00:00","Fever"
2227,"02/27/06 00:00:00","Unknown"
23,"02/20/06 00:00:00","Eye"
791,"02/20/06 00:00:00","Tooth Ache"
435,"02/20/06 00:00:00","Hip"
677,"02/20/06 00:00:00","Leg"
4009,"02/20/06 00:00:00","Rib"
29,"02/20/06 00:00:00","Lower Back"
13,"02/20/06 00:00:00","Personal"
442,"02/20/06 00:00:00","Back"
435,"02/20/06 00:00:00","Hip"
411,"02/20/06 00:00:00","Shoulder"
37,"02/20/06 00:00:00","Illness"
16,"02/20/06 00:00:00","Back"
176,"02/20/06 00:00:00","Back"
74,"02/20/06 00:00:00","Unknown"
76,"02/20/06 00:00:00","Right adductor"
935,"02/20/06 00:00:00","Right Ankle"
587,"02/20/06 00:00:00","Unknown"
696,"02/20/06 00:00:00","Dehydration"
683,"02/20/06 00:00:00","Right Leg"
79,"02/20/06 00:00:00","Right Shoulder"
484,"02/20/06 00:00:00","Left Thigh"
552,"02/20/06 00:00:00","Left knee"
3985,"02/20/06 00:00:00","Lower back"
695,"02/13/06 00:00:00","Ribs"
3,"02/13/06 00:00:00","Back"
5917,"02/13/06 00:00:00","Left knee"
3985,"02/13/06 00:00:00","Ankle sprain"
9,"02/13/06 00:00:00","Lower back"
1154,"02/13/06 00:00:00","Slept in"
1181,"02/13/06 00:00:00","Tendonitis right wrist"
278,"02/13/06 00:00:00","Sinusitis"
717,"02/13/06 00:00:00","Acute allergy"
76,"02/13/06 00:00:00","Right adductor"
1,"02/13/06 00:00:00","Right Hip"
564,"02/13/06 00:00:00","Unknown"
487,"02/13/06 00:00:00","Unknown"
6185,"02/13/06 00:00:00","Stomach"
99,"02/13/06 00:00:00","Stomach"
3833,"02/13/06 00:00:00","Blisters"
684,"02/13/06 00:00:00","Hip and Lower Back"
435,"02/13/06 00:00:00","Illness"
742,"02/13/06 00:00:00","Unknown"
552,"02/13/06 00:00:00","Unknown"
788,"02/10/06 00:00:00","Unknown"
8967,"02/10/06 00:00:00","Unknown"
2214,"02/06/06 00:00:00","Right Arm"
1394,"02/06/06 00:00:00","Unknown"
678,"02/06/06 00:00:00","Right Arm"
1266,"02/06/06 00:00:00","Right Hand"
1623,"02/06/06 00:00:00","Unknown"
256,"02/06/06 00:00:00","Sinusitis/cold"
1178,"02/06/06 00:00:00","Unknown"
784,"02/06/06 00:00:00","Unknown"
3833,"02/06/06 00:00:00","Blisters Left Feet"
1380,"02/06/06 00:00:00","Right Leg Adductor"
1092,"01/30/06 00:00:00","Left Shoulder"
12,"01/30/06 00:00:00","Right Wrist"
1042,"01/30/06 00:00:00","Diarrhea"
41,"01/30/06 00:00:00","Abdominal"
5841,"01/30/06 00:00:00","Unknown"
1887,"01/30/06 00:00:00","Stomach"
278,"01/30/06 00:00:00","Unknown"
612,"01/30/06 00:00:00","Wrist"
538,"01/30/06 00:00:00","Jammed Finger"
2974,"01/30/06 00:00:00","Unknown"
690,"01/30/06 00:00:00","Unknown"
684,"01/30/06 00:00:00","Left hip flexor"
1088,"01/30/06 00:00:00","Cramping"
499,"01/30/06 00:00:00","Abdominal Pain"
3159,"01/30/06 00:00:00","Unknown"
331,"01/23/06 00:00:00","Unknown"
3553,"01/23/06 00:00:00","Unknown"
163,"01/23/06 00:00:00","Unknown"
1417,"01/23/06 00:00:00","Knee"
116,"01/23/06 00:00:00","Back"
453,"01/23/06 00:00:00","Shoulder"
1157,"01/23/06 00:00:00","Cramping"
15,"01/23/06 00:00:00","Unknown"
111,"01/23/06 00:00:00","Back"
611,"01/23/06 00:00:00","Right Biceps"
850,"01/23/06 00:00:00","Left knee"
573,"01/23/06 00:00:00","Fever"
2179,"01/23/06 00:00:00","Unknown"
4352,"01/23/06 00:00:00","Unknown"
435,"01/23/06 00:00:00","Leg"
152,"01/23/06 00:00:00","Back"
855,"01/23/06 00:00:00","Unknown"
666,"01/16/06 00:00:00","Unknown"
74,"01/16/06 00:00:00","Unknown"
286,"01/16/06 00:00:00","Unknown"
619,"01/16/06 00:00:00","Unknown"
1621,"01/16/06 00:00:00","Unknown"
65,"01/16/06 00:00:00","Unknown"
573,"01/16/06 00:00:00","Unknown"
583,"01/16/06 00:00:00","Unknown"
23,"01/09/06 00:00:00","Triceps"
288,"01/09/06 00:00:00","Left Thigh Strain"
24,"01/09/06 00:00:00","Hip Flexor Strain"
1716,"01/09/06 00:00:00","Right Shoulder"
499,"01/09/06 00:00:00","Left Ankle"
50,"01/09/06 00:00:00","Right Shoulder"
37,"01/09/06 00:00:00","Unknown"
564,"01/09/06 00:00:00","Unknown"
515,"01/09/06 00:00:00","Shoulder"
686,"01/09/06 00:00:00","Shoulder"
619,"01/09/06 00:00:00","Illness"
686,"01/09/06 00:00:00","Shoulder"
444,"01/09/06 00:00:00","Illness"
799,"01/02/06 00:00:00","Unknown"
683,"01/02/06 00:00:00","Unknown"
669,"01/02/06 00:00:00","Unknown"
1529,"01/02/06 00:00:00","Unknown"
845,"01/02/06 00:00:00","Unknown"
499,"01/02/06 00:00:00","Left Leg"
13,"01/02/06 00:00:00","Right Hamstring"
695,"01/02/06 00:00:00","Cervical Nodles"
1930,"01/02/06 00:00:00","Left Ankle"
288,"01/02/06 00:00:00","Left thigh strain"
552,"01/02/06 00:00:00","Rib Muscle Strain"
628,"01/02/06 00:00:00","Heat Exhaustion"
672,"02/12/07 00:00:00","left foot"
427,"02/13/07 00:00:00","back"
670,"02/14/07 00:00:00","illness"
13,"02/14/07 00:00:00","left hamstring"
7,"02/15/07 00:00:00","right hamstring"
559,"02/12/07 00:00:00","Illness"
1194,"02/12/07 00:00:00","Gastroenteritis"
599,"02/12/07 00:00:00","Gastroenteritis"
1157,"02/12/07 00:00:00","Illness"
5094,"02/12/07 00:00:00","Unknown"
484,"02/12/07 00:00:00","Hand"
46,"02/12/07 00:00:00","Unknown"
4010,"02/21/07 00:00:00","right hamstring"
520,"02/22/07 00:00:00","stomach illness"
411,"02/23/07 00:00:00","food poisoning"
918,"02/23/07 00:00:00","stomach illness"
617,"02/23/07 00:00:00","right hand"
920,"02/28/07 00:00:00","Hajek heart"
6465,"03/01/07 00:00:00","respiratory"
76,"03/02/07 00:00:00","right hamstring"
76,"03/02/07 00:00:00","hamstring"
71,"03/13/07 00:00:00","right leg"
288,"03/21/07 00:00:00","right wrist"
578,"03/23/07 00:00:00","Left foot"
72,"03/25/07 00:00:00","foot"
92,"04/11/07 00:00:00","left ankle"
1887,"04/12/07 00:00:00","neck"
619,"04/13/07 00:00:00","stomach illness"
5917,"04/16/07 00:00:00","right hamstring"
24,"04/16/07 00:00:00","left adductor"
4045,"04/17/07 00:00:00","back"
1075,"04/17/07 00:00:00","back"
564,"04/18/07 00:00:00","back"
10,"04/25/07 00:00:00","stomach"
68,"04/26/07 00:00:00","abdominal"
568,"04/27/07 00:00:00","wrist"
4211,"04/30/07 00:00:00","flu"
85,"05/01/07 00:00:00","stomach strain"
6465,"05/03/07 00:00:00","fever"
1042,"05/03/07 00:00:00","fever"
563,"05/05/07 00:00:00","right hip"
22,"05/08/07 00:00:00","shoulder"
553,"05/10/07 00:00:00","fever"
609,"05/14/07 00:00:00","right ankle"
1075,"05/15/07 00:00:00","wrist"
3026,"05/24/07 00:00:00","sinus infection"
520,"06/13/07 00:00:00","left wrist"
552,"06/13/07 00:00:00","right thigh strain"
75,"06/14/07 00:00:00","lower back"
662,"06/15/07 00:00:00","stomach cramping"
45,"06/18/07 00:00:00","stomach"
678,"06/19/07 00:00:00","right shoulder"
377,"06/22/07 00:00:00","left knee injury"
5992,"07/07/07 00:00:00","foot"
45,"07/12/07 00:00:00","heat illness"
652,"07/13/07 00:00:00","ankle"
850,"07/13/07 00:00:00","ankle"
85,"07/17/07 00:00:00","right thigh"
68,"07/21/07 00:00:00","lower back"
37,"07/21/07 00:00:00","knee"
728,"07/24/07 00:00:00","rib"
553,"07/25/07 00:00:00","knee"
37,"07/25/07 00:00:00","knee"
83,"07/26/07 00:00:00","fatigue"
990,"07/30/07 00:00:00","rib"
456,"08/01/07 00:00:00","right hip"
488,"08/08/07 00:00:00","abdominal strain"
453,"08/08/07 00:00:00","back strain"
677,"08/09/07 00:00:00","left arm"
406,"08/09/07 00:00:00","lower back"
674,"08/15/07 00:00:00","right hand"
884,"09/11/07 00:00:00","side strain"
961,"09/11/07 00:00:00","ankle"
4045,"09/11/07 00:00:00","right elbow"
37,"09/27/07 00:00:00","stomach bug"
557,"09/27/07 00:00:00","elbow"
1057,"09/28/07 00:00:00","dehydration"
37,"09/28/07 00:00:00","gastroenteritis"
396,"10/03/07 00:00:00","neck"
1635,"10/04/07 00:00:00","illness"
7295,"10/09/07 00:00:00","foot"
6465,"10/09/07 00:00:00","illness"
579,"10/11/07 00:00:00","illness"
678,"10/12/07 00:00:00","back injury"
552,"10/23/07 00:00:00","thigh"
453,"10/24/07 00:00:00","food poisoning"
678,"10/26/07 00:00:00","illness"
45,"10/27/07 00:00:00","left hamstring"
427,"12/31/07 00:00:00","right heel"
728,"01/02/08 00:00:00","fever"
37,"01/03/08 00:00:00","right shoulder"
563,"01/08/08 00:00:00","left hamstring"
21,"02/12/08 00:00:00","lower back"
854,"02/13/08 00:00:00","left leg"
558,"02/14/08 00:00:00","fever"
84,"02/21/08 00:00:00","back"
4045,"02/22/08 00:00:00","groin"
854,"02/26/08 00:00:00","back"
875,"03/04/08 00:00:00","right knee"
90,"04/15/08 00:00:00","neck"
603,"04/16/08 00:00:00","right elbow"
4010,"04/16/08 00:00:00","back"
879,"04/17/08 00:00:00","lower back"
814,"04/18/08 00:00:00","right hip"
22,"04/21/08 00:00:00","shoulder"
13,"04/22/08 00:00:00","left groin"
75,"04/23/08 00:00:00","neck"
1042,"04/23/08 00:00:00","right hand"
2214,"04/28/08 00:00:00","right ankle"
641,"04/28/08 00:00:00","right leg"
7295,"04/29/08 00:00:00","back injury"
468,"04/29/08 00:00:00","stomach"
728,"04/29/08 00:00:00","right ankle"
631,"04/30/08 00:00:00","left abdominal"
631,"04/30/08 00:00:00","abdominal"
226,"05/01/08 00:00:00","leg"
6465,"05/05/08 00:00:00","back"
515,"05/07/08 00:00:00","right leg"
4045,"05/09/08 00:00:00","right wrist"
427,"05/10/08 00:00:00","heat exhaustion"
89,"05/10/08 00:00:00","back"
619,"05/12/08 00:00:00","right knee"
487,"05/13/08 00:00:00","calf"
757,"05/13/08 00:00:00","back"
714,"05/18/08 00:00:00","right hamstring"
4310,"05/19/08 00:00:00","shoulder"
53,"05/22/08 00:00:00","left calf"
850,"05/22/08 00:00:00","right foot"
3985,"05/23/08 00:00:00","right knee"
30,"06/09/08 00:00:00","left wrist"
891,"06/10/08 00:00:00","right wrist"
13,"06/10/08 00:00:00","groin"
38,"06/12/08 00:00:00","shoulder"
1157,"06/12/08 00:00:00","right leg"
90,"06/12/08 00:00:00","left leg"
552,"06/13/08 00:00:00","left arm"
1075,"06/13/08 00:00:00","right thumb"
757,"06/16/08 00:00:00","right wrist"
8806,"06/17/08 00:00:00","abdominal strain"
427,"06/18/08 00:00:00","ribs"
4045,"07/09/08 00:00:00","right wrist"
37,"07/10/08 00:00:00","right toe"
6501,"07/12/08 00:00:00","right wrist"
879,"07/15/08 00:00:00","right wrist"
444,"07/15/08 00:00:00","right ankle"
553,"07/23/08 00:00:00","knee"
552,"07/29/08 00:00:00","left arm"
604,"08/05/08 00:00:00","neck"
1123,"09/09/08 00:00:00","ankle"
609,"10/08/08 00:00:00","right shoulder"
6465,"10/09/08 00:00:00","right foot"
670,"10/10/08 00:00:00","acute bronchitis fever"
563,"10/10/08 00:00:00","illness"
875,"10/11/08 00:00:00","illness"
4009,"10/27/08 00:00:00","back"
677,"10/31/08 00:00:00","knee"
19,"10/31/08 00:00:00","back"
13277,"11/17/08 00:00:00","Toe"
8152,"11/17/08 00:00:00","Shoulder"
4283,"11/17/08 00:00:00","WD"
4084,"11/17/08 00:00:00","Back"
1126,"11/17/08 00:00:00","Arm"
3034,"11/17/08 00:00:00","Back"
1640,"11/17/08 00:00:00","Sinusitis"
1125,"11/17/08 00:00:00","Unknown"
1157,"11/17/08 00:00:00","Back"
796,"11/17/08 00:00:00","Back"
444,"11/17/08 00:00:00","No Show"
6695,"11/10/08 00:00:00","Unknown"
9153,"11/10/08 00:00:00","To MD"
7461,"11/10/08 00:00:00","Right Trapezius"
2529,"11/10/08 00:00:00","Left Knee"
1642,"11/10/08 00:00:00","Unknown"
4211,"11/10/08 00:00:00","Nausea"
3026,"11/10/08 00:00:00","Right Shoulder and Left Knee"
442,"11/10/08 00:00:00","Unknown"
638,"11/03/08 00:00:00","Left Wrist"
9043,"11/03/08 00:00:00","Late WD"
5981,"11/03/08 00:00:00","Ankle Sprain"
2260,"11/03/08 00:00:00","No Show"
7540,"11/03/08 00:00:00","Right Shoulder"
6627,"11/03/08 00:00:00","Wrist"
5127,"11/03/08 00:00:00","Unknown"
909,"11/03/08 00:00:00","Ankle Sprain"
948,"11/03/08 00:00:00","Unknown"
748,"11/03/08 00:00:00","Unknown"
902,"11/03/08 00:00:00","Unknown"
603,"11/03/08 00:00:00","Stomach Problems"
692,"11/03/08 00:00:00","Unknown"
638,"10/27/08 00:00:00","Unknown"
9229,"10/27/08 00:00:00","Right shoulder"
2904,"10/27/08 00:00:00","Shoulder"
5837,"10/27/08 00:00:00","Lower Back Strain"
6207,"10/27/08 00:00:00","Right Hand"
2953,"10/27/08 00:00:00","Unknown"
3549,"10/27/08 00:00:00","Unknown"
666,"10/27/08 00:00:00","Unknown"
312,"10/27/08 00:00:00","Unknown"
703,"10/27/08 00:00:00","Unknown"
609,"10/27/08 00:00:00","Right shoulder"
552,"10/27/08 00:00:00","Right Knee"
487,"10/27/08 00:00:00","Cramps"
674,"10/27/08 00:00:00","Right Elbow"
9525,"10/27/08 00:00:00","Unknown"
9658,"10/27/08 00:00:00","Unknown"
757,"10/27/08 00:00:00","Unknown"
10500,"10/20/08 00:00:00","Flu"
5056,"10/20/08 00:00:00","Knee"
3996,"10/20/08 00:00:00","Illness"
1642,"10/20/08 00:00:00","Unknown"
664,"10/20/08 00:00:00","Unknown"
531,"10/20/08 00:00:00","Unknown"
845,"10/20/08 00:00:00","Unknown"
568,"10/20/08 00:00:00","Left Wrist"
13,"10/20/08 00:00:00","Shoulder"
762,"10/20/08 00:00:00","Unknown"
13589,"10/20/08 00:00:00","Unknown"
677,"10/13/08 00:00:00","Leg"
2,"10/13/08 00:00:00","Shoulder"
453,"10/13/08 00:00:00","Upset Stomach"
6487,"10/13/08 00:00:00","Unknown"
927,"10/13/08 00:00:00","Unknown"
806,"10/13/08 00:00:00","Unknown"
1003,"10/13/08 00:00:00","Left Thigh"
1887,"10/13/08 00:00:00","Unknown"
3833,"10/13/08 00:00:00","Shoulder"
715,"10/13/08 00:00:00","Ear Inflammation"
558,"10/13/08 00:00:00","Leg"
695,"10/13/08 00:00:00","Leg"
1841,"10/13/08 00:00:00","Cramping"
4067,"10/06/08 00:00:00","Knee"
1157,"10/06/08 00:00:00","Left Ankle"
1092,"10/06/08 00:00:00","Neck"
84,"10/06/08 00:00:00","Left Hip"
10231,"10/06/08 00:00:00","Unknown"
6185,"10/06/08 00:00:00","Achilles Tendon"
256,"10/06/08 00:00:00","Left Knee Sprain"
762,"10/06/08 00:00:00","Ankle"
2379,"09/29/08 00:00:00","Left Knee"
689,"09/29/08 00:00:00","Unknown"
6105,"09/29/08 00:00:00","Left Leg"
7459,"09/29/08 00:00:00","Infection R Foot"
2179,"09/29/08 00:00:00","Right Ankle"
3853,"09/29/08 00:00:00","Fever"
892,"09/29/08 00:00:00","Cramping"
666,"09/29/08 00:00:00","Right Ankle"
323,"09/29/08 00:00:00","Back Spasm"
845,"09/29/08 00:00:00","Left Thigh"
3985,"09/29/08 00:00:00","Groin"
4009,"09/29/08 00:00:00","Back"
5981,"09/22/08 00:00:00","Unknown"
1264,"09/22/08 00:00:00","Unknown"
1170,"09/22/08 00:00:00","Unknown"
9229,"09/22/08 00:00:00","Unknown"
10564,"09/22/08 00:00:00","Unknown"
9488,"09/22/08 00:00:00","Right Knee"
3710,"09/22/08 00:00:00","Abdominals"
5054,"09/22/08 00:00:00","Unknown"
7540,"09/22/08 00:00:00","Right Ankle"
5963,"09/22/08 00:00:00","Unknown"
5127,"09/22/08 00:00:00","Right Hamstring"
6245,"09/22/08 00:00:00","Abdominals"
4017,"09/22/08 00:00:00","Right Arm"
9994,"09/22/08 00:00:00","Unknown"
1886,"09/22/08 00:00:00","Unknown"
3992,"09/22/08 00:00:00","Right Elbow"
5918,"09/22/08 00:00:00","Left Sartorius"
1003,"09/22/08 00:00:00","Unknown"
812,"09/22/08 00:00:00","Unknown"
1887,"09/22/08 00:00:00","Left Thigh"
212,"09/22/08 00:00:00","Late WD"
684,"09/22/08 00:00:00","Right Hamstring"
415,"09/22/08 00:00:00","Unknown"
611,"09/22/08 00:00:00","Unknown"
685,"09/22/08 00:00:00","Left Psoas"
116,"09/22/08 00:00:00","Unknown"
11942,"09/22/08 00:00:00","Unknown"
13976,"09/22/08 00:00:00","Unknown"
11073,"09/19/08 00:00:00","Unknown"
10320,"09/15/08 00:00:00","Unknown"
3165,"09/15/08 00:00:00","Unknown"
664,"09/15/08 00:00:00","Late WD"
3182,"09/15/08 00:00:00","Abdominal"
795,"09/15/08 00:00:00","Unknown"
6185,"09/15/08 00:00:00","Right Ankle"
1239,"09/15/08 00:00:00","Unknown"
801,"09/15/08 00:00:00","Right Ankle"
631,"09/15/08 00:00:00","Unknown"
850,"09/15/08 00:00:00","Unknown"
499,"09/08/08 00:00:00","Knee"
3676,"09/08/08 00:00:00","Late WD"
3742,"09/08/08 00:00:00","Right Leg"
2379,"09/08/08 00:00:00","Left Knee"
10415,"09/08/08 00:00:00","Dizziness Headache"
9806,"09/08/08 00:00:00","Stomach Problems"
604,"09/08/08 00:00:00","Stomach"
1747,"09/08/08 00:00:00","Unknown"
2247,"09/08/08 00:00:00","Right Shoulder"
53,"09/08/08 00:00:00","Unknown"
5929,"09/08/08 00:00:00","Right Knee"
2759,"09/08/08 00:00:00","Unknown"
661,"09/08/08 00:00:00","Left Ankle"
1887,"09/08/08 00:00:00","Cramping"
5043,"09/08/08 00:00:00","Flu"
891,"09/08/08 00:00:00","Shoulder"
4009,"09/08/08 00:00:00","Unknown"
510,"09/08/08 00:00:00","Inguinal Pain"
72,"09/08/08 00:00:00","Unknown"
619,"09/08/08 00:00:00","Back"
68,"09/08/08 00:00:00","Right Ankle"
12749,"09/08/08 00:00:00","Unknown"
7456,"09/01/08 00:00:00","Low Back Pain"
4318,"09/01/08 00:00:00","Virus"
820,"09/01/08 00:00:00","Stomach Problems"
3014,"09/01/08 00:00:00","Gastritis"
565,"09/01/08 00:00:00","Stiff Neck"
1823,"09/01/08 00:00:00","Left Groin and Hip"
1635,"09/01/08 00:00:00","Viral Disease"
935,"09/01/08 00:00:00","Right Wrist"
795,"09/01/08 00:00:00","Moved to MD Duesseldorf"
663,"09/01/08 00:00:00","Elbow"
497,"09/01/08 00:00:00","Late WD"
510,"09/01/08 00:00:00","Inguinal and Lumbar Pain"
11014,"09/01/08 00:00:00","Unknown"
14534,"09/01/08 00:00:00","Right Shoulder"
7320,"08/25/08 00:00:00","Unknown"
4008,"08/25/08 00:00:00","Right Adductor"
7122,"08/25/08 00:00:00","Unknown"
3492,"08/25/08 00:00:00","Left Ankle"
4003,"08/25/08 00:00:00","Right Wrist"
5838,"08/25/08 00:00:00","Unknown"
396,"08/25/08 00:00:00","Unknown"
1394,"08/25/08 00:00:00","Stomach Muscle Pain"
531,"08/25/08 00:00:00","Left Hip"
840,"08/25/08 00:00:00","Unknown"
57,"08/25/08 00:00:00","Headache"
728,"08/25/08 00:00:00","Unknown"
757,"08/25/08 00:00:00","Left Adductor"
650,"08/25/08 00:00:00","Unknown"
619,"08/25/08 00:00:00","Gastroenteritis and Fever"
47,"08/25/08 00:00:00","Unknown"
37,"08/25/08 00:00:00","Unknown"
678,"08/25/08 00:00:00","Unknown"
14502,"08/25/08 00:00:00","Unknown"
6465,"08/18/08 00:00:00","Fatigue"
1642,"08/18/08 00:00:00","Left Knee"
520,"08/18/08 00:00:00","Stomach"
619,"08/18/08 00:00:00","Pharyngitis"
8648,"08/18/08 00:00:00","Right Hand"
7803,"08/18/08 00:00:00","Stomach"
6245,"08/18/08 00:00:00","Abdominal"
821,"08/18/08 00:00:00","Right Elbow"
7295,"08/18/08 00:00:00","Back"
3054,"08/18/08 00:00:00","Stomach"
5838,"08/18/08 00:00:00","Back"
531,"08/18/08 00:00:00","Left Hip"
1469,"08/18/08 00:00:00","Left Foot"
38,"08/18/08 00:00:00","Left Knee"
116,"08/18/08 00:00:00","Lower Back"
10724,"08/11/08 00:00:00","Unknown"
8590,"08/11/08 00:00:00","Diarrhoea"
6826,"08/11/08 00:00:00","Unknown"
6525,"08/11/08 00:00:00","Unknown"
3908,"08/11/08 00:00:00","Unknown"
7043,"08/11/08 00:00:00","Unknown"
5083,"08/11/08 00:00:00","Unknown"
732,"08/11/08 00:00:00","Left Thigh"
637,"08/11/08 00:00:00","Unknown"
1672,"08/11/08 00:00:00","Left Adductor Strain"
510,"08/11/08 00:00:00","Unknown"
728,"08/11/08 00:00:00","Unknown"
2,"08/11/08 00:00:00","Neck"
3742,"08/11/08 00:00:00","Unknown"
4217,"08/11/08 00:00:00","Wrist"
406,"08/11/08 00:00:00","Unknown"
5127,"08/04/08 00:00:00","Heat Illness"
6137,"08/04/08 00:00:00","Illness"
10822,"08/04/08 00:00:00","Back"
10830,"08/04/08 00:00:00","Cramping"
10363,"08/04/08 00:00:00","Unknown"
7300,"08/04/08 00:00:00","Unknown"
2895,"08/04/08 00:00:00","Unknown"
12084,"08/04/08 00:00:00","Unknown"
1264,"08/04/08 00:00:00","Back"
730,"08/04/08 00:00:00","Dehydration"
1183,"08/04/08 00:00:00","Unknown"
1088,"08/04/08 00:00:00","Unknown"
1679,"08/04/08 00:00:00","To Main Draw"
1679,"08/04/08 00:00:00","Back"
531,"08/04/08 00:00:00","Diarrhoea"
649,"07/28/08 00:00:00","Right Wrist Tendonitis"
804,"07/28/08 00:00:00","Still in Toronto"
1092,"07/28/08 00:00:00","Right Knee"
686,"07/28/08 00:00:00","Late WD"
728,"07/28/08 00:00:00","Ankle"
427,"07/28/08 00:00:00","Illness"
670,"07/28/08 00:00:00","Illness"
37,"07/28/08 00:00:00","Foot"
89,"07/28/08 00:00:00","Neck"
9089,"07/28/08 00:00:00","Unknown"
1945,"07/28/08 00:00:00","Unknown"
2206,"07/28/08 00:00:00","To Main Draw"
7507,"07/28/08 00:00:00","Unknown"
5844,"07/28/08 00:00:00","Unknown"
621,"07/28/08 00:00:00","Late WD"
1635,"07/28/08 00:00:00","Right Thigh"
5917,"07/28/08 00:00:00","Illness"
256,"07/28/08 00:00:00","Left Knee"
762,"07/28/08 00:00:00","Right Hamstring"
12411,"07/28/08 00:00:00","Rib"
2895,"07/21/08 00:00:00","Back"
5918,"07/21/08 00:00:00","Right Shoulder"
499,"07/21/08 00:00:00","Knee"
714,"07/21/08 00:00:00","Late WD"
9907,"07/21/08 00:00:00","Right Ankle"
8573,"07/21/08 00:00:00","Left Shoulder"
7260,"07/21/08 00:00:00","Stomach"
6531,"07/21/08 00:00:00","Left Shoulder"
3676,"07/21/08 00:00:00","Right Heel"
5040,"07/21/08 00:00:00","Unknown"
6267,"07/21/08 00:00:00","Illness"
1045,"07/21/08 00:00:00","Unknown"
2960,"07/21/08 00:00:00","Unknown"
3742,"07/21/08 00:00:00","Knee"
1157,"07/21/08 00:00:00","Unknown"
5043,"07/21/08 00:00:00","Unknown"
715,"07/21/08 00:00:00","Left Leg"
50,"07/21/08 00:00:00","Right Elbow"
9806,"07/14/08 00:00:00","Right Ankle"
1503,"07/14/08 00:00:00","Unknown"
7566,"07/14/08 00:00:00","Unknown"
7205,"07/14/08 00:00:00","Unknown"
4008,"07/14/08 00:00:00","Right Abductor"
6962,"07/14/08 00:00:00","LW"
1824,"07/14/08 00:00:00","To Main Draw"
1954,"07/14/08 00:00:00","Unknown"
884,"07/14/08 00:00:00","Back"
2760,"07/14/08 00:00:00","Left Shoulder"
404,"07/14/08 00:00:00","Unknown"
628,"07/14/08 00:00:00","Leg"
1469,"07/14/08 00:00:00","Unknown"
71,"07/14/08 00:00:00","Back"
14157,"07/14/08 00:00:00","Left Ankle Sprain"
1157,"07/14/08 00:00:00","Back"
791,"07/14/08 00:00:00","Groin"
30,"07/14/08 00:00:00","Right Shoulder"
2107,"07/14/08 00:00:00","Ankle"
5083,"07/07/08 00:00:00","Pharyngitis"
2285,"07/07/08 00:00:00","Unknown"
6848,"07/07/08 00:00:00","Ankle"
6081,"07/07/08 00:00:00","Knee"
4256,"07/07/08 00:00:00","Inner Thigh"
2760,"07/07/08 00:00:00","Left Shoulder"
5841,"07/07/08 00:00:00","Groin"
5917,"07/07/08 00:00:00","Ankle"
757,"07/07/08 00:00:00","Viral Infection"
677,"07/07/08 00:00:00","Knee"
879,"07/07/08 00:00:00","Wrist"
9141,"07/07/08 00:00:00","Food Poisoning"
9698,"06/30/08 00:00:00","Back"
1985,"06/30/08 00:00:00","Unknown"
3492,"06/30/08 00:00:00","Unknown"
2960,"06/30/08 00:00:00","Heat Illness"
123,"06/30/08 00:00:00","Lower Back"
3291,"06/30/08 00:00:00","Knee"
5052,"06/30/08 00:00:00","Unknown"
696,"06/30/08 00:00:00","Heat Exhaustion"
256,"06/30/08 00:00:00","Back"
3026,"06/30/08 00:00:00","Knee"
716,"06/30/08 00:00:00","Calf"
840,"06/30/08 00:00:00","Unknown"
116,"06/30/08 00:00:00","Knee"
68,"06/23/08 00:00:00","Graminaceous Allergy"
603,"06/23/08 00:00:00","Unknown"
8806,"06/23/08 00:00:00","Unknown"
3278,"06/23/08 00:00:00","Unknown"
875,"06/23/08 00:00:00","Unknown"
6187,"06/23/08 00:00:00","Unknown"
4149,"06/23/08 00:00:00","Unknown"
1157,"06/23/08 00:00:00","Unknown"
1266,"06/23/08 00:00:00","Unknown"
669,"06/23/08 00:00:00","Unknown"
497,"06/23/08 00:00:00","Unknown"
38,"06/23/08 00:00:00","Unknown"
79,"06/23/08 00:00:00","Unknown"
736,"06/23/08 00:00:00","Unknown"
619,"06/23/08 00:00:00","Unknown"
552,"06/23/08 00:00:00","Unknown"
10,"06/23/08 00:00:00","Unknown"
13,"06/23/08 00:00:00","Unknown"
7806,"06/23/08 00:00:00","Unknown"
6376,"06/23/08 00:00:00","Unknown"
6245,"06/23/08 00:00:00","Unknown"
853,"06/23/08 00:00:00","Unknown"
9806,"06/16/08 00:00:00","Flu"
4964,"06/16/08 00:00:00","Back"
5058,"06/16/08 00:00:00","Unknown"
3992,"06/16/08 00:00:00","Right Elbow"
431,"06/16/08 00:00:00","Right Shoulder"
552,"06/16/08 00:00:00","Shoulder"
1503,"06/16/08 00:00:00","Unknown"
496,"06/16/08 00:00:00","Achilles"
54,"06/16/08 00:00:00","Unknown"
5127,"06/09/08 00:00:00","Unknown"
2858,"06/09/08 00:00:00","Right Wrist"
1170,"06/09/08 00:00:00","Ankle"
1394,"06/09/08 00:00:00","Headache"
814,"06/09/08 00:00:00","Headache"
487,"06/09/08 00:00:00","Right Calf"
553,"06/09/08 00:00:00","Left Ankle"
173,"06/09/08 00:00:00","Unknown"
1088,"06/09/08 00:00:00","Knee"
79,"06/09/08 00:00:00","Knee"
8806,"06/02/08 00:00:00","Unknown"
6831,"06/02/08 00:00:00","Sprained Left Ankle"
7396,"06/02/08 00:00:00","Unknown"
3030,"06/02/08 00:00:00","Unknown"
695,"06/02/08 00:00:00","Allergy"
853,"06/02/08 00:00:00","Unknown"
1387,"06/02/08 00:00:00","Unknown"
824,"06/02/08 00:00:00","Unknown"
685,"06/02/08 00:00:00","Unknown"
56,"06/02/08 00:00:00","Unknown"
1735,"05/26/08 00:00:00","Hamstring"
7452,"05/26/08 00:00:00","Right Elbow"
3967,"05/26/08 00:00:00","Illness"
5844,"05/26/08 00:00:00","Right Knee"
4318,"05/26/08 00:00:00","Spine"
542,"05/26/08 00:00:00","Unknown"
643,"05/26/08 00:00:00","Arm"
824,"05/26/08 00:00:00","Leg"
41,"05/26/08 00:00:00","Unknown"
1469,"05/26/08 00:00:00","Neck"
10,"05/26/08 00:00:00","Leg"
37,"05/26/08 00:00:00","Sore Throat"
89,"05/26/08 00:00:00","Back"
674,"05/26/08 00:00:00","Knee"
11247,"05/26/08 00:00:00","Spine"
691,"05/26/08 00:00:00","Unknown"
7452,"05/26/08 00:00:00","Unknown"
1088,"05/26/08 00:00:00","Unknown"
694,"05/26/08 00:00:00","Unknown"
4088,"05/19/08 00:00:00","Left Side"
6108,"05/19/08 00:00:00","Unknown"
820,"05/19/08 00:00:00","Unknown"
401,"05/19/08 00:00:00","Back"
935,"05/19/08 00:00:00","Right Hamstring)"
638,"05/12/08 00:00:00","Right Arm"
9675,"05/12/08 00:00:00","Back"
1390,"05/12/08 00:00:00","Unknown"
4964,"05/12/08 00:00:00","Unknown"
6105,"05/12/08 00:00:00","Left Shoulder"
5073,"05/12/08 00:00:00","To MD"
6458,"05/12/08 00:00:00","Pneumonia"
963,"05/12/08 00:00:00","Unknown"
884,"05/12/08 00:00:00","Left Knee"
621,"05/12/08 00:00:00","Unknown"
2475,"05/12/08 00:00:00","Right Ankle"
712,"05/12/08 00:00:00","Back"
661,"05/12/08 00:00:00","Unknown"
900,"05/12/08 00:00:00","Right Wrist"
1671,"05/12/08 00:00:00","No Show"
312,"05/12/08 00:00:00","To MD"
862,"05/12/08 00:00:00","Unknown"
499,"05/12/08 00:00:00","Illness"
401,"05/12/08 00:00:00","Back"
44,"05/12/08 00:00:00","Unknown"
7459,"05/12/08 00:00:00","Unknown"
5918,"05/12/08 00:00:00","Gastr"
779,"05/12/08 00:00:00","Unknown"
427,"05/12/08 00:00:00","Fatigue"
855,"05/12/08 00:00:00","Stomach"
854,"05/05/08 00:00:00","Unknown"
89,"05/05/08 00:00:00","Back"
7452,"05/05/08 00:00:00","Unknown"
6962,"05/05/08 00:00:00","Unknown"
920,"05/05/08 00:00:00","Unknown"
864,"05/05/08 00:00:00","Unknown"
804,"05/05/08 00:00:00","Unknown"
594,"05/05/08 00:00:00","Unknown"
57,"05/05/08 00:00:00","Upset Stomach"
12101,"05/05/08 00:00:00","Unknown"
5917,"05/05/08 00:00:00","Unknown"
695,"05/05/08 00:00:00","Unknown"
8332,"04/28/08 00:00:00","Unknown"
7732,"04/28/08 00:00:00","Unknown"
4427,"04/28/08 00:00:00","Unknown"
4003,"04/28/08 00:00:00","Unknown"
5961,"04/28/08 00:00:00","Unknown"
2705,"04/28/08 00:00:00","Unknown"
707,"04/28/08 00:00:00","Unknown"
568,"01/07/09 00:00:00","left heel"
47,"01/10/09 00:00:00","left wrist"
8806,"01/12/09 00:00:00","right forearm"
678,"01/15/09 00:00:00","right shoulder"
3985,"01/15/09 00:00:00","back"
662,"02/13/09 00:00:00","left groin"
10,"02/20/09 00:00:00","right leg"
1266,"02/23/09 00:00:00","left ankle"
1075,"02/26/09 00:00:00","virus"
670,"03/14/09 00:00:00","illness"
673,"11/05/09 00:00:00","hamstring"
5992,"05/07/10 00:00:00","illness"
5837,"08/04/10 00:00:00","shoulder"
