TOUR,DATE_GAME,ID1,ID2,ROUND,DRAW,RESULT,COMPLETE,LIVE,TIME_GAME,RESERVE_INT,RESERVE_CHAR
15956,"03/16/25 18:00:00",26356,45192,1,23,"7-5 6-1",,,,,
15956,"03/16/25 18:00:00",13839,79778,1,2,"6-7(1) 6-1 6-1",,,,,
15956,,18455,3700,4,1,"bye",,,,,
15956,"03/18/25 18:00:00",12432,41569,4,2,"6-3 2-6 6-3",,,,,
15956,"03/18/25 22:00:00",17774,60791,4,3,"6-1 6-7(5) 6-2",,,,,
15956,,3700,17155,4,4,"bye",,,,,
15956,,13498,3700,4,5,"bye",,,,,
15956,"03/19/25 00:00:00",28732,26356,4,6,"6-7(4) 6-4 7-5",,,,,
15956,"03/18/25 20:30:00",6019,54664,4,7,"6-3 7-6(5)",,,,,
15956,,3700,11575,4,8,"bye",,,,,
15956,,53128,3700,4,9,"bye",,,,,
15956,"03/18/25 22:00:00",12205,61481,4,10,"6-4 3-6 6-4",,,,,
15956,"03/19/25 00:00:00",13621,45866,4,11,"3-6 6-4 6-2",,,,,
15956,,3700,12390,4,12,"bye",,,,,
15956,,49081,3700,4,13,"bye",,,,,
15956,"03/18/25 18:00:00",45540,44510,4,14,"3-6 7-6(0) 6-3",,,,,
15956,,3700,36558,4,16,"bye",,,,,
15956,,54663,3700,4,17,"bye",,,,,
15956,"03/18/25 22:00:00",23432,8234,4,18,"6-4 7-5",,,,,
15956,,3700,13541,4,20,"bye",,,,,
15956,,14054,3700,4,21,"bye",,,,,
15956,"03/18/25 18:00:00",9357,6740,4,22,"7-6(3) 6-2",,,,,
15956,"03/16/25 22:40:00",30451,49991,1,7,"6-3 1-6 6-1",,,,,
15956,"03/16/25 23:55:00",28732,49995,1,20,"3-6 6-4 6-2",,,,,
16073,"03/23/25 13:20:00",27035,18083,1,7,"6-4 7-6(4)",,,,,
15956,"03/23/25 18:00:00",11371,18482,6,15,"6-2 3-6 6-2",,,,,
16116,"03/23/25 18:25:00",54677,57898,1,12,"6-3 6-2",,,,,
16118,"03/23/25 17:40:00",28436,89094,1,10,"6-2 6-3",,,,,
16121,,86890,80973,1,6,"6-3 6-1",,,,,
16122,,82020,86538,1,30,"6-2 6-4",,,,,
16124,,87582,59189,1,6,"6-2 1-0 ret.",,,,,
16123,,99898,99897,4,1,"7-6(5) 6-4",,,,,
16123,,99751,99899,4,2,"6-3 6-4",,,,,
16123,,99900,99753,4,3,"6-3 6-1",,,,,
16123,,99758,99901,4,4,"6-2 6-4",,,,,
16123,,99903,99902,4,5,"6-1 6-0",,,,,
16123,,99756,99904,4,6,"7-6(2) 6-3",,,,,
16123,,99752,99905,4,7,"3-6 6-4 10-7",,,,,
16123,,96317,79942,4,8,"6-4 6-1",,,,,
16123,,99898,99751,9,1,"6-3 6-4",,,,,
16123,,99758,99900,9,2,"4-6 6-2 10-5",,,,,
16123,,99756,99903,9,3,"6-4 6-3",,,,,
15956,"03/18/25 22:00:00",65912,27804,4,23,"7-5 4-6 6-3",,,,,
15956,,3700,13094,4,24,"bye",,,,,
15956,,17503,3700,4,25,"bye",,,,,
15956,"03/19/25 00:00:00",48254,39749,4,26,"6-3 6-7(5) 6-1",,,,,
15956,"03/18/25 20:30:00",16430,41888,4,27,"3-6 6-4 6-3",,,,,
15956,,3700,24368,4,28,"bye",,,,,
15956,,11449,3700,4,29,"bye",,,,,
15956,"03/18/25 18:00:00",17501,37410,4,30,"6-2 2-6 7-6(4)",,,,,
15956,,3700,14362,4,32,"bye",,,,,
15956,,42098,3700,4,33,"bye",,,,,
15956,"03/19/25 19:00:00",53487,79059,4,34,"6-2 6-1",,,,,
15956,"03/19/25 19:30:00",48900,24572,4,35,"6-4 2-6 6-4",,,,,
15956,,3700,66597,4,36,"bye",,,,,
15956,,41564,3700,4,37,"bye",,,,,
15956,"03/19/25 18:00:00",16119,47152,4,39,"6-2 7-6(5)",,,,,
15956,,3700,77934,4,40,"bye",,,,,
15956,,65911,3700,4,41,"bye",,,,,
15956,"03/19/25 18:00:00",34747,45072,4,42,"4-6 6-3 6-2",,,,,
15956,"03/19/25 18:00:00",18427,40156,4,43,"3-6 6-3 7-6(5)",,,,,
15956,,3700,47742,4,44,"bye",,,,,
15956,,32480,3700,4,45,"bye",,,,,
15956,"03/19/25 21:00:00",52254,39908,4,46,"6-4 6-3",,,,,
15956,"03/19/25 19:30:00",14259,9503,4,47,"6-3 6-2",,,,,
15956,,3700,11712,4,48,"bye",,,,,
15956,,11672,3700,4,49,"bye",,,,,
15956,"03/19/25 19:30:00",54123,69652,4,50,"6-1 6-7(4) 6-4",,,,,
15956,,3700,16628,4,52,"bye",,,,,
15956,,54989,3700,4,53,"bye",,,,,
15956,"03/19/25 21:00:00",16134,84377,4,54,"6-4 6-4",,,,,
15956,,3700,17142,4,56,"bye",,,,,
15956,,18482,3700,4,57,"bye",,,,,
15956,"03/20/25 02:00:00",5416,16043,4,58,"6-3 6-1",,,,,
15956,"03/20/25 00:30:00",14056,37266,4,59,"6-4 1-6 7-5",,,,,
15956,,3700,11371,4,60,"bye",,,,,
15956,,13351,3700,4,61,"bye",,,,,
15956,"03/19/25 21:00:00",53793,14175,4,62,"6-4 6-2",,,,,
15956,"03/19/25 19:30:00",10455,31728,4,63,"6-0 7-6(5)",,,,,
15956,,3700,45854,4,64,"bye",,,,,
15956,"03/20/25 22:00:00",18455,12432,5,1,"6-3 6-0",,,,,
15956,"03/20/25 18:00:00",17774,17155,5,2,"6-4 6-4",,,,,
15956,"03/21/25 00:30:00",28732,13498,5,3,"6-1 6-3",,,,,
15956,"03/21/25 04:00:00",11575,6019,5,4,"6-4 7-6(3)",,,,,
15956,"03/20/25 18:00:00",53128,12205,5,5,"6-1 7-5",,,,,
15956,"03/20/25 20:30:00",49081,45540,5,7,"7-6(1) 6-3",,,,,
15956,"03/20/25 20:30:00",64343,36558,5,8,"6-4 2-6 6-4",,,,,
16119,"03/26/25 10:05:00",52978,90091,4,7,"4-6 6-3 6-1",,,,,
16117,"03/26/25 12:40:00",74257,57640,4,2,"2-3 ret.",,,,,
16125,"03/26/25 10:32:00",38710,86450,4,3,"7-5 2-6 6-3",,,,,
16073,"03/26/25 11:00:00",30797,49864,4,9,"2-6 6-4 7-5",,,,,
16120,"03/26/25 13:05:00",29704,24853,4,2,"6-3 6-3",,,,,
16073,"03/26/25 14:00:00",98865,73116,4,6,"6-3 6-0",,,,,
16117,"03/26/25 14:00:00",57275,64934,4,11,"2-6 7-5 6-0",,,,,
16119,"03/26/25 13:40:00",87187,30653,4,9,"6-7(4) 6-0 6-0",,,,,
16121,"03/26/25 14:00:00",40292,79119,4,5,"6-2 6-3",,,,,
16119,,98857,73681,4,16,"6-4 6-4",,,,,
16120,"03/26/25 14:55:00",17040,72126,5,5,"1-6 6-1 6-4",,,,,
16117,,99931,99932,4,2,"6-0 6-1",,,,,
16118,"03/26/25 16:35:00",37530,75388,5,5,"6-2 7-6(6)",,,,,
15956,"03/20/25 23:40:00",13541,27032,5,10,"6-3 5-7 6-4",,,,,
15956,"03/20/25 22:30:00",9357,14054,5,11,"7-6(5) 6-2",,,,,
15956,"03/21/25 00:00:00",48254,17503,5,13,"3-6 6-4 7-5",,,,,
15956,"03/21/25 01:50:00",16430,24368,5,14,"6-2 6-4",,,,,
15956,"03/20/25 22:30:00",11449,17501,5,15,"6-4 7-6(7)",,,,,
15956,"03/20/25 18:00:00",14362,17062,5,16,"6-4 6-4",,,,,
15956,"03/21/25 19:30:00",53487,42098,5,17,"7-6(6) 2-6 7-6(3)",,,,,
15956,"03/22/25 01:00:00",41564,13706,5,19,"6-2 6-2",,,,,
15956,"03/22/25 01:30:00",77934,16119,5,20,"6-0 6-2",,,,,
15956,"03/21/25 18:00:00",34747,65911,5,21,"6-4 7-6(0)",,,,,
15956,"03/21/25 23:30:00",47742,18427,5,22,"7-5 4-6 6-3",,,,,
15956,"03/21/25 18:00:00",32480,52254,5,23,"6-1 6-3",,,,,
15956,"03/21/25 23:30:00",11712,14259,5,24,"6-4 6-4",,,,,
15956,"03/21/25 22:00:00",54989,16134,5,27,"6-4 7-5",,,,,
15956,"03/21/25 19:30:00",17142,74280,5,28,"7-5 1-6 7-6(3)",,,,,
15956,"03/22/25 00:00:00",18482,5416,5,29,"6-0 ret.",,,,,
15956,"03/22/25 01:00:00",11371,14056,5,30,"6-1 6-2",,,,,
15956,"03/21/25 19:30:00",13351,53793,5,31,"6-4 6-1",,,,,
15956,"03/21/25 19:00:00",45854,10455,5,32,"6-2 7-5",,,,,
15956,"03/22/25 20:30:00",18455,17774,6,1,"6-1 ret.",,,,,
15956,"03/23/25 02:00:00",11575,28732,6,2,"6-4 3-6 6-3",,,,,
15956,"03/23/25 04:00:00",53128,13621,6,3,"6-1 7-6(3)",,,,,
15956,"03/22/25 18:00:00",64343,49081,6,4,"6-1 7-5",,,,,
15956,"03/22/25 23:10:00",9357,65912,6,6,"7-5 6-4",,,,,
15956,"03/22/25 19:30:00",16430,48254,6,7,"7-6(6) 3-6 6-4",,,,,
15956,"03/22/25 18:00:00",14362,11449,6,8,"4-3 ret.",,,,,
15956,"03/24/25 02:00:00",41564,77934,6,10,"7-6(5) 2-6 6-3",,,,,
15956,"03/23/25 19:30:00",47742,34747,6,11,"6-2 6-1",,,,,
15956,"03/23/25 22:00:00",11712,32480,6,12,"6-7(3) 6-2 7-6(2)",,,,,
15956,"03/23/25 21:00:00",67792,11672,6,13,"6-4 6-2",,,,,
15956,"03/23/25 18:00:00",17142,54989,6,14,"6-3 7-6(3)",,,,,
15956,"03/23/25 19:00:00",45854,13351,6,16,"7-6(2) 6-1",,,,,
15956,"03/24/25 20:45:00",18455,11575,7,1,"6-4 6-4",,,,,
16073,"03/26/25 14:00:00",96498,69398,4,8,"7-5 4-6 10-6",,,,,
16116,"03/26/25 19:10:00",38210,13412,4,16,"6-1 6-1",,,,,
16124,"03/26/25 18:12:00",74188,94937,4,14,"6-3 5-7 6-2",,,,,
16116,"03/26/25 21:05:00",25863,54677,4,11,"6-2 6-3",,,,,
16118,"03/26/25 20:25:00",29728,39921,5,10,"1-6 6-4 6-0",,,,,
16072,"03/26/25 23:00:00",4110,33355,5,2,"2-6 6-3 6-2",,,,,
16118,"03/26/25 22:05:00",12439,60086,5,14,"7-5 7-6(3)",,,,,
16123,"03/27/25 07:35:00",79099,26342,5,5,"6-1 6-2",,,,,
16115,,97718,99784,4,3,"6-3 3-6 10-6",,,,,
16119,"03/27/25 10:06:00",82562,76667,5,7,"6-2 6-3",,,,,
16117,"03/27/25 11:05:00",37618,54384,5,3,"4-6 6-2 6-1",,,,,
16119,,98857,65909,5,8,"6-1 7-6(2)",,,,,
16073,"03/27/25 12:30:00",59448,45072,5,3,"6-3 3-6 6-0",,,,,
16124,,69518,99948,9,3,"6-1 6-1",,,,,
16125,,99961,89323,9,4,"6-0 6-2",,,,,
16117,"03/27/25 14:14:00",86330,8757,5,5,"6-7(6) 6-3 7-6(6)",,,,,
16073,"03/27/25 14:00:00",96498,99763,9,4,"4-6 7-6(7) 10-6",,,,,
16119,,80988,97954,9,3,"2-2 ret.",,,,,
16118,"03/27/25 18:05:00",73190,29728,6,5,"6-2 7-6(3)",,,,,
16116,"03/27/25 21:45:00",38210,14188,5,8,"6-4 6-3",,,,,
16072,"03/27/25 23:00:00",72414,16627,5,8,"6-4 6-1",,,,,
16123,"03/28/25 06:05:00",79099,37909,9,3,"7-5 5-4 ret.",,,,,
16117,"03/28/25 11:05:00",32675,44823,9,4,"6-4 6-3",,,,,
15956,"03/24/25 20:00:00",53128,64343,7,2,"6-2 7-6(3)",,,,,
15956,"03/24/25 22:00:00",9357,54663,7,3,"6-4 6-4",,,,,
15956,"03/24/25 18:00:00",14362,16430,7,4,"3-6 6-4 6-4",,,,,
15956,"03/24/25 21:30:00",53487,41564,7,5,"6-1 6-3",,,,,
15956,"03/24/25 23:35:00",11712,47742,7,6,"6-2 6-3",,,,,
15956,"03/25/25 05:00:00",45854,11371,7,8,"7-6(5) 6-3",,,,,
15956,"03/26/25 04:00:00",18455,53128,9,1,"6-2 7-5",,,,,
15956,"03/27/25 02:40:00",11712,53487,9,3,"6-4 6-7(3) 6-2",,,,,
15956,"03/26/25 20:00:00",67792,45854,9,4,"6-2 7-5",,,,,
15956,"03/27/25 22:00:00",18455,14362,10,1,"6-2 6-2",,,,,
15956,"03/28/25 05:10:00",11712,67792,10,2,"7-6(3) 5-7 6-3",,,,,
15956,"03/29/25 22:00:00",18455,11712,12,1,,,,,,
15956,"03/16/25 21:10:00",65912,8549,1,18,"6-3 6-3",,,,,
16124,,91618,56125,1,15,"6-4 7-6(7)",,,,,
16124,,87261,69740,1,30,"7-6(6) 6-1",,,,,
16123,,96317,99752,9,4,"1-6 6-1 10-6",,,,,
16123,,99898,99758,10,1,"6-1 6-2",,,,,
16123,,96317,99756,10,2,"6-1 6-3",,,,,
16123,,99898,96317,12,1,,,,,,
16122,,57876,53310,4,1,"6-0 6-0",,,,,
16122,"03/26/25 14:40:00",97633,95775,4,2,"1-6 6-2 6-4",,,,,
16122,"03/26/25 15:05:00",82042,82897,4,3,"6-2 6-4",,,,,
16122,"03/26/25 11:35:00",75198,71168,4,4,"6-4 6-0",,,,,
16122,,73699,68932,4,5,"6-4 6-0",,,,,
16122,"03/25/25 14:50:00",67521,34127,4,6,"6-2 6-2",,,,,
16122,"03/25/25 16:25:00",80106,73601,4,7,"7-6(6) 6-1",,,,,
16122,"03/26/25 13:15:00",46577,81158,4,8,"7-5 6-1",,,,,
16122,,28074,17335,4,9,"7-6(6) 7-5",,,,,
16122,"03/25/25 13:10:00",47425,76088,4,10,"6-2 6-3",,,,,
16122,"03/26/25 10:30:00",73456,66328,4,11,"6-3 6-2",,,,,
16122,"03/26/25 15:35:00",65615,43007,4,12,"6-1 6-7(4) 6-2",,,,,
16122,"03/26/25 10:35:00",74179,38701,4,13,"6-2 4-6 7-6(5)",,,,,
16122,"03/26/25 13:40:00",63047,55182,4,14,"6-2 6-3",,,,,
16122,"03/26/25 17:40:00",36895,26130,4,15,"6-0 6-0",,,,,
16122,"03/26/25 16:55:00",67109,61582,4,16,"6-1 6-2",,,,,
16122,,57876,97633,5,1,"6-0 6-1",,,,,
16122,"03/27/25 13:15:00",75198,82042,5,2,"6-2 6-2",,,,,
16122,,73699,67521,5,3,"6-4 6-4",,,,,
16122,"03/27/25 10:35:00",80106,46577,5,4,"6-4 1-6 6-4",,,,,
16122,,47425,28074,5,5,"7-5 4-6 6-1",,,,,
16122,"03/27/25 12:35:00",65615,73456,5,6,"6-1 7-6(0)",,,,,
16122,"03/27/25 14:20:00",63047,74179,5,7,"7-5 1-6 6-2",,,,,
16122,"03/27/25 13:35:00",67109,36895,5,8,"6-3 2-6 6-2",,,,,
16122,,57876,75198,9,1,"6-2 2-6 6-4",,,,,
16122,"03/28/25 11:02:00",73699,80106,9,2,"6-2 6-4",,,,,
16122,"03/28/25 12:40:00",65615,47425,9,3,"1-6 7-5 6-1",,,,,
16122,"03/28/25 12:35:00",67109,63047,9,4,"6-0 6-1",,,,,
16122,"03/29/25 11:30:00",57876,73699,10,1,,,,,,
16122,"03/29/25 11:30:00",65615,67109,10,2,,,,,,
16122,,3700,3700,12,1,,,,,,
16073,"03/28/25 12:00:00",39749,44349,9,1,"6-2 6-2",,,,,
16119,,98857,82562,9,4,"6-3 7-6(3)",,,,,
16115,,78672,92076,10,1,"2-6 6-1 10-5",,,,,
16117,,65268,99930,10,1,"6-4 6-2",,,,,
16118,"03/28/25 19:55:00",37530,23648,9,2,"6-3 5-0 ret.",,,,,
16118,"03/23/25 17:27:00",39347,11325,1,7,"6-7(4) 6-4 6-4",,,,,
16118,"03/23/25 20:50:00",73956,95281,1,15,"6-2 4-6 6-2",,,,,
15956,"03/24/25 00:30:00",53487,48900,6,9,"6-1 3-0 ret.",,,,,
16123,"03/24/25 06:05:00",77122,79771,3,1,"6-1 6-0",,,,,
16118,,61481,3700,4,1,"bye",,,,,
16118,"03/24/25 22:45:00",32186,37189,4,2,"6-2 6-4",,,,,
16118,"03/25/25 18:50:00",17500,55132,4,3,"6-3 6-1",,,,,
16118,,66592,3700,4,4,"bye",,,,,
16118,,55186,3700,4,5,"bye",,,,,
16118,"03/25/25 18:26:00",87418,39347,4,6,"6-0 6-3",,,,,
16120,,71873,14740,1,5,"7-5 2-6 10-8",,,,,
16073,"03/26/25 12:30:00",39749,86003,4,1,"6-1 6-3",,,,,
16073,"03/25/25 12:10:00",24112,73835,4,2,"6-1 6-1",,,,,
16073,"03/26/25 12:30:00",71163,7574,4,4,"6-3 6-2",,,,,
16073,"03/26/25 11:00:00",45072,43323,4,5,"7-5 6-4",,,,,
16073,"03/25/25 12:10:00",59448,59575,4,6,"6-4 7-5",,,,,
16073,"03/25/25 12:10:00",25062,57147,4,7,"6-0 7-5",,,,,
16073,"03/26/25 14:00:00",27035,64937,4,8,"7-6(2) 6-2",,,,,
16073,"03/26/25 14:30:00",9728,27919,4,10,"5-7 6-3 6-4",,,,,
16073,"03/26/25 11:00:00",31727,72174,4,11,"6-0 6-1",,,,,
16073,"03/26/25 12:30:00",54393,17021,4,12,"6-2 6-4",,,,,
16073,"03/25/25 11:00:00",50943,58588,4,13,"4-1 ret.",,,,,
16073,"03/26/25 11:00:00",70327,6590,4,14,"6-3 6-3",,,,,
16073,"03/25/25 11:00:00",73771,72064,4,15,"2-6 6-1 6-4",,,,,
16073,"03/26/25 12:30:00",57090,43866,4,16,"6-3 3-6 6-4",,,,,
16073,"03/27/25 11:00:00",39749,24112,5,1,"6-0 ret.",,,,,
16073,"03/27/25 12:30:00",44349,71163,5,2,"4-6 2-0 ret.",,,,,
16073,"03/27/25 12:30:00",27035,25062,5,4,"6-4 6-4",,,,,
16073,"03/27/25 12:30:00",30797,9728,5,5,"6-2 6-3",,,,,
16073,"03/27/25 11:00:00",54393,31727,5,6,"7-5 7-6(5)",,,,,
16073,"03/27/25 11:00:00",70327,50943,5,7,"6-0 0-6 7-6(4)",,,,,
16073,"03/27/25 11:00:00",57090,73771,5,8,"2-6 6-4 6-3",,,,,
16073,"03/28/25 12:00:00",59448,27035,9,2,"7-5 6-3",,,,,
16073,"03/28/25 12:00:00",54393,30797,9,3,"1-6 7-6(8) 6-2",,,,,
16073,"03/28/25 12:00:00",70327,57090,9,4,"6-4 7-5",,,,,
16073,"03/29/25 11:00:00",39749,59448,10,1,,,,,,
16073,"03/29/25 11:00:00",54393,70327,10,2,,,,,,
16073,,3700,3700,12,1,,,,,,
16119,"03/26/25 15:20:00",67801,27920,4,1,"6-3 6-2",,,,,
16119,"03/26/25 16:55:00",62199,71172,4,2,"6-2 6-1",,,,,
16119,"03/26/25 11:55:00",65791,90258,4,3,"6-1 6-2",,,,,
16119,"03/26/25 11:14:00",55139,87185,4,4,"4-6 6-3 6-3",,,,,
16119,"03/26/25 14:55:00",31016,63291,4,5,"3-6 7-5 6-4",,,,,
16119,"03/26/25 10:05:00",53321,62340,4,6,"6-1 6-0",,,,,
16119,"03/26/25 13:02:00",11878,50613,4,8,"6-1 6-2",,,,,
16119,"03/26/25 13:40:00",74987,32321,4,10,"7-5 6-2",,,,,
16119,"03/26/25 16:38:00",18194,90514,4,11,"2-6 6-3 6-3",,,,,
16119,"03/26/25 11:35:00",57066,75985,4,12,"6-1 6-4",,,,,
16119,"03/26/25 10:05:00",76667,32184,4,13,"6-4 7-5",,,,,
16119,"03/26/25 10:05:00",82562,44114,4,14,"4-6 6-1 6-4",,,,,
16119,,65909,74840,4,15,"3-6 6-4 6-3",,,,,
16119,"03/27/25 12:34:00",62199,67801,5,1,"6-2 7-6(5)",,,,,
16119,"03/27/25 10:05:00",65791,55139,5,2,"6-4 6-7(3) 6-4",,,,,
16119,"03/27/25 10:10:00",53321,31016,5,3,"3-6 6-3 6-4",,,,,
16119,"03/27/25 10:05:00",11878,52978,5,4,"6-1 6-0",,,,,
16119,"03/27/25 13:55:00",74987,87187,5,5,"2-6 6-0 6-3",,,,,
16119,"03/27/25 11:40:00",57066,18194,5,6,"6-1 6-1",,,,,
16119,"03/28/25 10:35:00",62199,65791,9,1,"7-5 6-3",,,,,
16118,,73977,3700,4,8,"bye",,,,,
16118,,37530,3700,4,9,"bye",,,,,
16118,"03/24/25 22:20:00",75388,84425,4,10,"7-6(0) 6-7(1) 6-2",,,,,
16118,"03/25/25 17:15:00",71462,37881,4,11,"6-3 6-2",,,,,
16118,,16947,3700,4,12,"bye",,,,,
16118,,17893,3700,4,13,"bye",,,,,
16118,"03/24/25 21:20:00",23648,23782,4,14,"7-6(4) 6-1",,,,,
16118,"03/24/25 22:40:00",50297,77615,4,15,"6-1 6-0",,,,,
16118,,32501,3700,4,16,"bye",,,,,
16118,,73190,3700,4,17,"bye",,,,,
16118,"03/24/25 21:00:00",57761,86703,4,18,"6-3 6-2",,,,,
16118,"03/25/25 17:50:00",29728,40291,4,19,"6-2 6-2",,,,,
16118,,39921,3700,4,20,"bye",,,,,
16118,,58904,3700,4,21,"bye",,,,,
16118,"03/24/25 23:10:00",75089,59443,4,23,"6-0 6-2",,,,,
16118,,73836,3700,4,24,"bye",,,,,
16118,,37592,3700,4,25,"bye",,,,,
16118,"03/25/25 17:15:00",77378,92288,4,26,"6-1 6-3",,,,,
16118,"03/25/25 18:15:00",12439,72510,4,27,"1-6 6-3 6-0",,,,,
16118,,60086,3700,4,28,"bye",,,,,
16119,"03/28/25 10:35:00",11878,53321,9,2,"3-6 7-5 6-3",,,,,
16119,"03/28/25 12:15:00",74987,57066,9,3,"4-6 6-3 ret.",,,,,
16119,"03/29/25 10:30:00",62199,11878,10,1,,,,,,
16119,,74987,98857,10,2,,,,,,
16119,,3700,3700,12,1,,,,,,
16119,,97037,95923,4,2,"6-2 6-4",,,,,
16119,,98043,99907,4,3,"6-3 6-1",,,,,
16119,,99909,99908,4,4,"6-4 6-4",,,,,
16119,,97954,99910,4,5,"6-0 6-3",,,,,
16119,,80988,67054,4,6,"6-2 6-1",,,,,
16119,,99912,99911,4,7,"6-1 6-1",,,,,
16119,,99913,96972,4,8,"6-2 6-1",,,,,
16119,,99906,97037,9,1,"6-0 7-5",,,,,
16119,,98043,99909,9,2,"7-5 6-4",,,,,
16119,,99913,99912,9,4,"6-2 6-2",,,,,
16119,,99906,98043,10,1,"6-1 6-2",,,,,
16119,,80988,99913,10,2,"7-5 7-6(5)",,,,,
16119,,99906,80988,12,1,,,,,,
16122,,99914,74085,4,1,"6-1 7-5",,,,,
16122,,99915,99916,4,2,"1-6 7-5 10-6",,,,,
16122,,99918,99917,4,3,"6-2 6-1",,,,,
16122,,96043,99919,4,4,"6-4 6-3",,,,,
16122,,83529,99921,4,6,"6-4 6-2",,,,,
16122,,99923,97510,4,8,"6-4 6-4",,,,,
16122,,99915,99914,9,1,"7-6(4) 6-3",,,,,
16122,,96043,99918,9,2,"6-0 6-4",,,,,
16122,,83529,99225,9,3,"7-6(6) 6-1",,,,,
16122,,99923,99922,9,4,"6-0 6-2",,,,,
16122,,99915,96043,10,1,"6-3 6-4",,,,,
16122,,83529,99923,10,2,"6-3 6-3",,,,,
16122,,99915,83529,12,1,,,,,,
16119,,72666,71554,2,6,"6-0 6-2",,,,,
16120,,25824,83262,1,8,"6-1 6-2",,,,,
16117,"03/26/25 11:05:00",51960,27773,4,3,"6-4 6-0",,,,,
16117,"03/26/25 13:40:00",53488,90507,4,4,"6-3 6-2",,,,,
16117,"03/26/25 11:05:00",37618,45852,4,5,"6-4 6-1",,,,,
16117,"03/25/25 12:50:00",54384,66589,4,6,"6-4 3-6 7-5",,,,,
16117,"03/26/25 11:10:00",72741,39731,4,7,"6-2 6-7(3) 6-3",,,,,
16117,"03/26/25 12:41:00",53771,12583,4,8,"7-5 7-6(3)",,,,,
16117,"03/25/25 11:15:00",8757,16919,4,9,"6-1 7-5",,,,,
16117,"03/25/25 11:05:00",86330,73838,4,10,"6-2 7-5",,,,,
16118,,78153,3700,4,29,"bye",,,,,
16118,"03/25/25 18:10:00",14504,57526,4,30,"6-4 6-7(4) 6-1",,,,,
16118,"03/24/25 22:45:00",78152,62880,4,31,"6-7(4) 6-1 6-2",,,,,
16118,,79059,3700,4,32,"bye",,,,,
16118,"03/26/25 16:40:00",32186,61481,5,1,"6-0 4-6 6-3",,,,,
16118,"03/26/25 16:35:00",66592,17500,5,2,"6-1 3-6 6-1",,,,,
16118,"03/26/25 16:40:00",87418,55186,5,3,"6-2 7-6(0)",,,,,
16118,"03/26/25 16:35:00",73977,9362,5,4,"6-4 6-3",,,,,
16118,"03/26/25 16:35:00",71462,16947,5,6,"6-3 6-2",,,,,
16118,"03/26/25 16:30:00",23648,17893,5,7,"3-6 6-3 6-3",,,,,
16118,"03/26/25 16:35:00",32501,50297,5,8,"4-6 7-5 7-6(1)",,,,,
16117,"03/26/25 11:05:00",43263,72660,4,12,"6-2 6-2",,,,,
16117,"03/25/25 12:50:00",44823,70849,4,13,"6-4 6-2",,,,,
16117,"03/26/25 12:38:00",61290,34470,4,14,"6-2 6-2",,,,,
16117,"03/25/25 11:05:00",32675,89247,4,15,"6-3 6-4",,,,,
16117,"03/27/25 11:05:00",74257,74077,5,1,"6-4 6-7(6) 6-2",,,,,
16117,"03/27/25 11:10:00",53488,51960,5,2,"5-7 6-3 6-3",,,,,
16117,"03/27/25 13:25:00",72741,53771,5,4,"6-1 6-2",,,,,
16117,"03/27/25 11:05:00",43263,57275,5,6,"6-3 6-3",,,,,
16117,"03/27/25 12:45:00",44823,61290,5,7,"6-3 6-3",,,,,
16117,"03/27/25 13:50:00",32675,36822,5,8,"7-5 6-3",,,,,
16117,"03/28/25 11:05:00",74257,53488,9,1,"6-4 6-3",,,,,
16117,"03/28/25 11:05:00",37618,72741,9,2,"6-2 7-5",,,,,
16117,"03/28/25 11:05:00",43263,86330,9,3,"7-6(0) 6-2",,,,,
16117,"03/29/25 11:00:00",74257,37618,10,1,,,,,,
16117,"03/29/25 11:00:00",43263,32675,10,2,,,,,,
16117,,3700,3700,12,1,,,,,,
16119,,18194,99883,2,7,"6-1 6-1",,,,,
16121,,69395,35603,2,9,"6-0 3-0 ret.",,,,,
16115,"03/24/25 14:35:00",57213,46204,3,2,"7-6(2) 6-4",,,,,
16116,"03/25/25 19:05:00",11959,15504,4,1,"6-3 7-5",,,,,
16116,"03/25/25 19:05:00",11931,40537,4,2,"6-3 6-2",,,,,
16116,"03/25/25 22:45:00",11306,36546,4,3,"2-6 7-6(3) 6-3",,,,,
16116,"03/25/25 19:05:00",61291,17122,4,4,"6-0 6-1",,,,,
16116,"03/26/25 20:30:00",51696,28075,4,6,"6-4 6-4",,,,,
16116,"03/26/25 19:05:00",10343,42867,4,7,"6-2 7-5",,,,,
16116,"03/26/25 20:40:00",26145,51486,4,8,"6-1 6-4",,,,,
16116,"03/25/25 21:00:00",11066,14387,4,9,"6-0 7-5",,,,,
16116,"03/26/25 22:30:00",42244,66717,4,10,"6-2 6-4",,,,,
16116,"03/26/25 22:00:00",52500,34595,4,12,"6-0 6-4",,,,,
16116,"03/26/25 19:05:00",12570,62729,4,13,"6-2 6-2",,,,,
16116,"03/25/25 20:55:00",71438,12899,4,14,"2-6 6-4 6-4",,,,,
16116,"03/26/25 22:50:00",14188,43326,4,15,"6-4 6-4",,,,,
16116,"03/27/25 20:55:00",11959,11931,5,1,"6-4 6-1",,,,,
16116,"03/27/25 22:30:00",11306,61291,5,2,"7-6(4) 6-7(5) 7-5",,,,,
16116,"03/27/25 23:35:00",51696,12059,5,3,"3-6 6-1 6-4",,,,,
16116,"03/27/25 19:05:00",10343,26145,5,4,"6-3 1-6 6-1",,,,,
16116,"03/27/25 19:05:00",11066,42244,5,5,"7-5 6-2",,,,,
16116,"03/27/25 19:05:00",52500,25863,5,6,"6-4 6-3",,,,,
16116,"03/27/25 20:50:00",12570,71438,5,7,"6-2 6-1",,,,,
16116,"03/28/25 21:47:00",11959,11306,9,1,"6-2 6-1",,,,,
16116,"03/28/25 19:05:00",51696,10343,9,2,"3-6 6-4 6-2",,,,,
16116,"03/28/25 19:04:00",52500,11066,9,3,"2-6 6-2 6-3",,,,,
16116,"03/28/25 21:15:00",38210,12570,9,4,"6-0 6-2",,,,,
16116,,11959,51696,10,1,,,,,,
16116,,52500,38210,10,2,,,,,,
16116,,3700,3700,12,1,,,,,,
16125,"03/26/25 10:35:00",30669,62351,4,1,"6-2 6-1",,,,,
16125,"03/26/25 14:35:00",93626,4212,4,2,"6-4 7-6(6)",,,,,
16125,"03/26/25 12:00:00",16219,71879,4,4,"6-3 6-2",,,,,
15956,"03/16/25 18:00:00",27804,28585,1,1,"2-6 7-6(2) 6-2",,,,,
15956,"03/16/25 18:00:00",6651,78152,1,3,"6-3 6-1",,,,,
15956,"03/16/25 18:00:00",31728,25513,1,4,"3-6 6-3 6-2",,,,,
15956,"03/16/25 22:00:00",18427,12842,1,5,"6-4 6-3",,,,,
15956,"03/16/25 22:30:00",14609,10334,1,6,"2-6 6-1 7-5",,,,,
15956,"03/16/25 22:30:00",17774,31920,1,8,"2-6 6-4 6-3",,,,,
15956,"03/16/25 19:30:00",44525,7574,1,9,"7-5 6-3",,,,,
15956,"03/16/25 19:50:00",61481,90658,1,10,"6-2 6-3",,,,,
15956,"03/16/25 22:30:00",12402,17345,1,11,"6-4 3-0 ret.",,,,,
15956,"03/16/25 20:00:00",32633,24344,1,12,"6-4 1-6 6-3",,,,,
15956,"03/16/25 22:00:00",14259,66176,1,13,"5-7 6-4 6-4",,,,,
15956,"03/16/25 21:10:00",64341,71129,1,14,"6-2 6-0",,,,,
15956,"03/16/25 22:30:00",66591,33355,1,15,"6-7(5) 6-4 ret.",,,,,
15956,"03/16/25 22:30:00",13621,37530,1,16,"6-2 6-4",,,,,
15956,"03/16/25 20:30:00",4177,17673,1,17,"6-2 6-3",,,,,
15956,"03/16/25 23:55:00",72414,4121,1,19,"7-6(6) 7-6(4)",,,,,
15956,"03/16/25 20:30:00",4110,11959,1,21,"6-2 6-2",,,,,
15956,"03/16/25 18:00:00",41888,461,1,22,"5-7 6-1 6-1",,,,,
15956,"03/16/25 18:00:00",87188,43865,1,24,"6-3 7-5",,,,,
15956,"03/17/25 18:00:00",27804,13839,3,1,"7-6(4) 6-3",,,,,
15956,"03/17/25 22:40:00",18427,14609,3,3,"6-4 6-3",,,,,
15956,"03/17/25 22:30:00",17774,30451,3,4,"4-6 6-1 7-5",,,,,
15956,"03/17/25 18:00:00",61481,44525,3,5,"4-6 6-4 6-2",,,,,
16118,"03/26/25 22:00:00",73190,57761,5,9,"6-3 6-3",,,,,
16118,"03/26/25 21:55:00",58904,59449,5,11,"6-3 1-6 7-6(1)",,,,,
16118,"03/26/25 22:45:00",73836,75089,5,12,"6-2 6-2",,,,,
16118,"03/26/25 20:40:00",77378,37592,5,13,"6-4 2-1 ret.",,,,,
16118,"03/26/25 20:15:00",78153,14504,5,15,"6-0 6-0",,,,,
16118,"03/26/25 23:05:00",78152,79059,5,16,"6-1 6-4",,,,,
16118,"03/27/25 16:37:00",66592,32186,6,1,"6-4 6-3",,,,,
16118,"03/27/25 16:35:00",73977,87418,6,2,"6-2 6-4",,,,,
16118,"03/27/25 16:35:00",37530,71462,6,3,"7-5 6-3",,,,,
16118,"03/27/25 18:25:00",23648,32501,6,4,"6-4 6-7(6) 6-4",,,,,
16118,"03/27/25 18:25:00",73836,58904,6,6,"4-6 6-3 6-0",,,,,
16118,"03/27/25 16:35:00",12439,77378,6,7,"6-0 5-7 6-2",,,,,
16118,"03/27/25 18:55:00",78153,78152,6,8,"7-6(2) 6-2",,,,,
16118,"03/28/25 17:05:00",73977,66592,9,1,"2-6 6-3 6-3",,,,,
16118,"03/28/25 19:00:00",73190,73836,9,3,,,,,,
16118,"03/28/25 19:45:00",12439,78153,9,4,,,,,,
16118,,73977,37530,10,1,,,,,,
16118,,3700,3700,10,2,,,,,,
16118,,3700,3700,12,1,,,,,,
16120,"03/26/25 12:30:00",57375,42096,4,1,"6-1 2-6 6-3",,,,,
16120,"03/26/25 12:30:00",80418,25216,4,3,"3-6 7-5 6-3",,,,,
16120,"03/26/25 12:44:00",82563,13019,4,4,"3-6 6-4 ret.",,,,,
16120,"03/26/25 11:00:00",18452,71129,4,5,"6-1 6-4",,,,,
16120,"03/25/25 15:30:00",79778,26693,4,6,"6-3 6-2",,,,,
16120,"03/25/25 16:10:00",30197,38720,4,7,"6-3 6-1",,,,,
16120,"03/26/25 11:00:00",49988,41111,4,8,"6-3 6-4",,,,,
16120,"03/25/25 13:10:00",72126,85082,4,10,"6-3 6-3",,,,,
16120,"03/25/25 16:05:00",36397,72239,4,11,"6-2 6-1",,,,,
16120,"03/25/25 12:00:00",72468,74949,4,12,"6-4 6-3",,,,,
16120,"03/25/25 12:05:00",60758,52646,4,13,"6-7(3) 7-5 6-3",,,,,
16120,"03/25/25 13:15:00",59581,85887,4,14,"6-2 6-3",,,,,
16120,"03/25/25 12:05:00",51269,52774,4,15,"6-4 7-5",,,,,
16120,"03/26/25 17:35:00",57375,29704,5,1,"6-1 2-1 ret.",,,,,
16120,"03/26/25 17:30:00",80418,82563,5,2,"6-2 6-0",,,,,
16120,"03/26/25 17:25:00",79778,18452,5,3,"6-0 6-3",,,,,
16120,,30197,49988,5,4,"6-1 1-6 6-1",,,,,
15956,"03/17/25 23:00:00",32633,12402,3,6,"6-3 6-1",,,,,
15956,"03/17/25 22:30:00",14259,64341,3,7,"7-6(2) 6-4",,,,,
15956,"03/17/25 22:00:00",13621,66591,3,8,"4-6 7-6(2) 7-5",,,,,
15956,"03/17/25 22:00:00",28732,72414,3,10,"6-1 7-6(3)",,,,,
15956,"03/17/25 20:30:00",41888,4110,3,11,"6-4 6-3",,,,,
16125,,45191,83686,4,5,"6-2 6-1",,,,,
16125,,81564,53586,4,6,"6-0 7-5",,,,,
16125,"03/25/25 10:36:00",32188,45724,4,7,"6-3 6-3",,,,,
16125,"03/26/25 12:50:00",23860,73045,4,8,"6-3 6-0",,,,,
16125,"03/26/25 15:05:00",81640,93637,4,9,"6-0 6-1",,,,,
16125,"03/25/25 12:10:00",74694,80964,4,10,"6-2 2-6 7-6(3)",,,,,
16125,"03/25/25 14:55:00",40170,56466,4,11,"6-0 6-4",,,,,
16125,"03/25/25 15:50:00",72065,48559,4,12,"6-4 6-3",,,,,
16125,"03/26/25 13:40:00",17677,60345,4,13,"6-0 6-0",,,,,
16125,"03/26/25 14:20:00",60356,81717,4,14,"3-6 6-1 6-2",,,,,
16125,"03/26/25 15:25:00",63282,75301,4,16,"6-1 6-3",,,,,
16125,"03/27/25 12:10:00",30669,93626,5,1,"6-3 6-7(5) 6-0",,,,,
16125,"03/27/25 10:30:00",16219,38710,5,2,"6-3 6-0",,,,,
16125,"03/27/25 12:30:00",45191,81564,5,3,"6-1 6-4",,,,,
16125,"03/27/25 10:35:00",23860,32188,5,4,"6-2 6-2",,,,,
16125,"03/27/25 10:35:00",81640,74694,5,5,"6-2 6-7(5) 6-4",,,,,
16125,"03/27/25 10:40:00",40170,72065,5,6,"6-3 6-2",,,,,
16125,"03/27/25 13:15:00",17677,60356,5,7,"7-5 6-2",,,,,
16125,"03/27/25 10:30:00",63282,43164,5,8,"6-2 2-6 6-0",,,,,
16125,"03/28/25 10:35:00",30669,16219,9,1,"6-1 4-6 6-3",,,,,
16125,"03/28/25 10:35:00",23860,45191,9,2,"6-3 7-5",,,,,
16125,"03/28/25 13:20:00",81640,40170,9,3,"6-3 6-2",,,,,
16125,"03/28/25 10:36:00",17677,63282,9,4,"6-4 7-5",,,,,
16125,"03/29/25 11:00:00",30669,23860,10,1,,,,,,
16125,"03/29/25 11:00:00",81640,17677,10,2,,,,,,
16125,,3700,3700,12,1,,,,,,
16115,,78672,99924,4,1,"7-6(2) 2-6 10-5",,,,,
16119,,93441,97631,1,15,"6-0 2-6 10-6",,,,,
16119,,95596,90815,1,27,"6-2 6-2",,,,,
16122,,78929,83090,1,3,"4-6 7-5 11-9",,,,,
16122,,87615,75193,1,26,"6-1 6-1",,,,,
16115,,71092,73576,1,12,"6-1 6-3",,,,,
16116,"03/23/25 15:10:00",72821,13958,1,4,"3-6 6-3 6-4",,,,,
16121,,90636,95089,1,15,"3-6 7-5 10-4",,,,,
16122,,66328,58474,1,14,"6-0 6-1",,,,,
16120,"03/26/25 15:15:00",36397,72468,5,6,"6-3 6-4",,,,,
16120,"03/26/25 15:05:00",60758,59581,5,7,"6-1 6-3",,,,,
16120,"03/26/25 17:05:00",51269,24845,5,8,"6-1 6-2",,,,,
16120,"03/27/25 15:15:00",80418,57375,9,1,"2-6 6-2 6-2",,,,,
16120,"03/27/25 17:50:00",79778,30197,9,2,"6-3 6-2",,,,,
16120,"03/27/25 13:02:00",17040,36397,9,3,"7-6(6) 6-0",,,,,
16120,"03/27/25 13:05:00",60758,51269,9,4,"6-3 3-6 6-2",,,,,
16120,"03/28/25 16:05:00",79778,80418,10,1,"6-4 6-7(7) 6-3",,,,,
16120,"03/28/25 14:05:00",60758,17040,10,2,"6-2 7-5",,,,,
16120,"03/29/25 13:00:00",79778,60758,12,1,,,,,,
16120,,99889,3699,4,1,"bye",,,,,
16120,,99890,3699,4,2,"bye",,,,,
16120,,99891,3699,4,3,"bye",,,,,
16120,,92687,3699,4,4,"bye",,,,,
16120,,97327,3699,4,5,"bye",,,,,
16120,,99892,3699,4,6,"bye",,,,,
16120,,99894,99895,4,7,"6-3 6-4",,,,,
16120,,99896,3699,4,8,"bye",,,,,
16120,,99889,99890,9,1,"6-2 7-5",,,,,
16120,,99891,92687,9,2,"6-4 6-3",,,,,
16120,,99892,97327,9,3,"6-1 6-0",,,,,
16120,,99894,99896,9,4,"w/o",,,,,
16120,,99891,99889,10,1,"6-3 6-2",,,,,
16120,,99892,99894,10,2,"6-2 3-6 10-8",,,,,
16120,,99891,99892,12,1,"3-6 6-1 10-6",,,,,
16123,"03/24/25 07:40:00",38441,86048,3,4,"6-4 6-4",,,,,
16072,"03/24/25 21:00:00",30451,27775,4,2,"6-0 6-3",,,,,
16072,"03/24/25 22:10:00",33355,8549,4,3,"6-4 7-6(4)",,,,,
16072,"03/24/25 21:00:00",4110,32633,4,4,"6-2 6-2",,,,,
16072,"03/25/25 20:00:00",14259,27043,4,5,"6-1 6-4",,,,,
16072,"03/25/25 21:00:00",28732,461,4,6,"6-3 6-4",,,,,
16072,"03/25/25 03:00:00",69652,78146,4,8,"6-1 6-1",,,,,
16072,"03/25/25 21:30:00",13839,8668,4,9,"6-3 6-1",,,,,
16072,"03/25/25 22:30:00",11071,45990,4,10,"6-0 6-3",,,,,
16072,"03/26/25 00:00:00",66176,17673,4,11,"6-3 7-5",,,,,
16072,"03/26/25 04:30:00",54664,8665,4,12,"6-3 6-3",,,,,
16072,"03/25/25 19:00:00",65912,48254,4,13,"w/o",,,,,
16072,"03/25/25 04:10:00",10334,43865,4,14,"4-6 6-4 6-1",,,,,
16072,"03/24/25 23:27:00",16627,49995,4,15,"6-3 5-7 6-3",,,,,
16072,"03/25/25 23:00:00",72414,13511,4,16,"6-3 3-6 6-4",,,,,
16072,"03/27/25 03:00:00",17614,30451,5,1,"3-6 6-4 6-3",,,,,
16072,"03/28/25 03:00:00",28732,14259,5,3,"5-7 6-3 6-4",,,,,
16072,"03/27/25 01:00:00",25513,69652,5,4,"6-4 6-2",,,,,
16072,"03/28/25 01:00:00",11071,13839,5,5,"3-6 6-4 6-2",,,,,
16072,"03/28/25 04:30:00",66176,54664,5,6,"w/o",,,,,
16072,"03/27/25 05:00:00",65912,10334,5,7,"4-6 6-3 6-4",,,,,
16072,"03/29/25 03:00:00",17614,4110,9,1,,,,,,
16072,"03/29/25 04:30:00",28732,25513,9,2,,,,,,
16072,"03/28/25 23:00:00",11071,66176,9,3,"6-3 6-1",,,,,
16072,"03/29/25 00:30:00",65912,72414,9,4,,,,,,
16072,,3700,3700,10,1,,,,,,
16072,,11071,3700,10,2,,,,,,
16072,,3700,3700,12,1,,,,,,
16123,"03/26/25 06:05:00",41385,5300,4,1,"7-5 6-0",,,,,
16123,"03/26/25 08:25:00",81872,72260,4,2,"6-3 3-6 6-4",,,,,
16123,"03/26/25 09:35:00",73291,38441,4,3,"6-4 3-6 6-3",,,,,
16123,"03/26/25 07:40:00",53603,50750,4,4,"6-1 6-2",,,,,
16123,"03/25/25 06:05:00",82318,78687,4,6,"7-6(3) 4-6 6-3",,,,,
16123,"03/25/25 06:05:00",56736,87779,4,7,"6-4 7-5",,,,,
16123,"03/25/25 06:05:00",47867,80201,4,8,"6-2 7-5",,,,,
16123,"03/25/25 06:05:00",79099,43871,4,9,"7-5 6-4",,,,,
16115,,99925,96356,4,2,"7-5 4-6 10-5",,,,,
16115,,92076,85691,4,4,"6-3 6-1",,,,,
16115,,53239,93348,4,5,"6-1 6-2",,,,,
16115,,87150,23557,4,6,"3-6 7-5 10-3",,,,,
16115,,99927,99928,4,7,"6-0 6-4",,,,,
16115,,78672,99925,9,1,"6-4 6-3",,,,,
16115,,92076,97718,9,2,"6-3 6-1",,,,,
16115,,53239,87150,9,3,"6-2 6-7(3) 10-5",,,,,
16115,,97873,99927,9,4,"6-4 6-2",,,,,
16115,,53239,97873,10,2,"7-5 3-6 10-7",,,,,
16115,,78672,53239,12,1,,,,,,
16117,,99930,78420,4,1,"5-7 6-2 10-7",,,,,
16117,,99934,99935,4,3,"6-0 6-0",,,,,
16117,,65268,99936,4,4,"3-6 7-6(4) 10-5",,,,,
16117,,99937,99938,4,5,"7-5 6-3",,,,,
16117,,93744,99939,4,6,"6-2 6-2",,,,,
16117,,99941,99940,4,7,"6-4 6-4",,,,,
16117,,99930,99931,9,1,"6-1 6-4",,,,,
16123,"03/26/25 06:10:00",83975,49271,4,11,"6-4 6-3",,,,,
16123,"03/26/25 07:45:00",37909,74960,4,12,"6-3 6-4",,,,,
16123,"03/26/25 06:05:00",78455,50952,4,14,"6-1 7-5",,,,,
16123,"03/26/25 09:05:00",79609,79699,4,15,"1-6 6-2 6-1",,,,,
16123,"03/25/25 06:05:00",17696,62330,4,16,"6-1 6-4",,,,,
16123,"03/27/25 07:42:00",81872,41385,5,1,"6-3 6-2",,,,,
16123,"03/27/25 08:00:00",53603,73291,5,2,"6-2 6-7(2) 6-1",,,,,
16123,"03/27/25 06:05:00",51958,82318,5,3,"7-5 6-1",,,,,
16123,"03/27/25 06:05:00",47867,56736,5,4,"6-1 6-4",,,,,
16123,"03/27/25 07:35:00",37909,83975,5,6,"6-0 1-6 6-1",,,,,
16123,"03/27/25 06:05:00",78455,77410,5,7,"2-6 6-2 6-2",,,,,
16123,"03/27/25 06:05:00",17696,79609,5,8,"7-5 6-3",,,,,
16123,"03/28/25 07:50:00",53603,81872,9,1,"6-3 6-0",,,,,
16123,"03/28/25 06:05:00",51958,47867,9,2,"6-1 2-1 ret.",,,,,
16123,"03/28/25 06:05:00",17696,78455,9,4,"6-4 6-4",,,,,
16123,"03/29/25 06:00:00",53603,51958,10,1,,,,,,
16123,"03/29/25 07:00:00",79099,17696,10,2,,,,,,
16123,,3700,3700,12,1,,,,,,
16117,,65268,99934,9,2,"6-3 2-6 12-10",,,,,
16117,,99937,93744,9,3,"6-2 6-3",,,,,
16117,,99941,99942,9,4,"6-2 2-6 10-5",,,,,
16117,,99941,99937,10,2,"6-1 2-6 12-10",,,,,
16117,,65268,99941,12,1,,,,,,
16124,,86105,99943,4,1,"6-1 6-1",,,,,
16124,,99944,96042,4,2,"6-1 6-2",,,,,
16124,,99945,99946,4,3,"6-3 6-2",,,,,
16124,,99947,99799,4,4,"6-3 6-1",,,,,
16124,,99948,99949,4,5,"7-6(4) 7-5",,,,,
16124,,83775,99951,4,7,"6-1 6-3",,,,,
16124,,99953,99290,4,8,"6-3 6-3",,,,,
16124,,99944,86105,9,1,"w/o",,,,,
16124,,99947,99945,9,2,"6-4 7-6(3)",,,,,
16124,,83775,99953,9,4,"2-6 6-2 11-9",,,,,
16124,,99947,99944,10,1,"6-2 6-2",,,,,
16124,,69518,83775,10,2,"6-3 6-4",,,,,
16124,,99947,69518,12,1,,,,,,
16125,,99954,3699,4,1,"bye",,,,,
16125,,99858,99957,4,3,"7-5 6-1",,,,,
16125,,99879,99857,4,4,"6-4 6-1",,,,,
16125,,99959,99958,4,5,"6-2 6-4",,,,,
16125,,99852,3699,4,6,"bye",,,,,
16125,,89323,99960,4,7,"3-6 7-5 10-4",,,,,
16125,,99961,3699,4,8,"bye",,,,,
16125,,99954,99955,9,1,"6-2 6-4",,,,,
16125,,99858,99879,9,2,"4-6 7-5 10-8",,,,,
16125,,99852,99959,9,3,"6-1 6-1",,,,,
16125,,99954,99858,10,1,"6-3 6-2",,,,,
16125,,99852,99961,10,2,"6-3 6-1",,,,,
16125,,99954,99852,12,1,,,,,,
16118,"03/24/25 16:05:00",87418,55956,3,2,"6-2 6-1",,,,,
16122,,26130,91688,2,4,"6-1 6-2",,,,,
16122,,46576,97236,2,10,"6-1 6-2",,,,,
16122,,43007,82020,2,15,"6-4 6-2",,,,,
16124,,91952,91618,2,8,"6-3 7-6(6)",,,,,
16124,,46156,87261,2,15,"6-2 6-4",,,,,
16121,"03/26/25 11:05:00",75090,67791,4,2,"6-4 7-6(7)",,,,,
16121,"03/26/25 11:05:00",82915,93936,4,3,"6-1 6-1",,,,,
16121,"03/26/25 12:40:00",58621,39038,4,4,"6-1 6-4",,,,,
16121,"03/26/25 15:15:00",87780,77304,4,6,"7-5 6-2",,,,,
16121,"03/25/25 13:10:00",52528,54676,4,7,"4-6 6-3 6-2",,,,,
16121,"03/26/25 12:30:00",69064,93464,4,8,"6-2 6-2",,,,,
16121,,57745,46394,4,9,"2-6 7-5 6-3",,,,,
16121,"03/26/25 13:40:00",91884,64522,4,10,"6-0 1-6 7-6(4)",,,,,
16121,"03/26/25 13:40:00",81710,74597,4,11,"6-1 6-2",,,,,
16121,"03/25/25 13:10:00",16853,80351,4,12,"4-6 6-4 6-2",,,,,
16121,"03/26/25 11:05:00",71739,57209,4,13,"6-1 6-2",,,,,
16121,"03/26/25 12:45:00",68101,69395,4,14,"6-0 5-0 ret.",,,,,
16121,"03/26/25 14:00:00",80419,92610,4,15,"6-4 6-0",,,,,
16121,"03/26/25 15:00:00",57279,46378,4,16,"6-1 6-2",,,,,
16121,"03/27/25 13:15:00",75090,75649,5,1,"6-3 1-6 6-1",,,,,
16121,"03/27/25 14:40:00",82915,58621,5,2,"7-6(2) 6-3",,,,,
16121,"03/27/25 13:15:00",87780,40292,5,3,"6-3 6-3",,,,,
16121,"03/27/25 11:35:00",52528,69064,5,4,"6-1 6-3",,,,,
16121,,57745,91884,5,5,"6-0 6-4",,,,,
16121,"03/27/25 11:35:00",81710,16853,5,6,"6-0 6-4",,,,,
16121,"03/27/25 14:05:00",71739,68101,5,7,"6-0 6-2",,,,,
16121,"03/27/25 11:35:00",80419,57279,5,8,"7-5 3-6 6-2",,,,,
16121,"03/28/25 14:05:00",75090,82915,9,1,"2-6 6-1 6-4",,,,,
16121,"03/28/25 12:05:00",52528,87780,9,2,"6-3 6-1",,,,,
16121,"03/28/25 12:05:00",81710,57745,9,3,"6-1 6-0",,,,,
16121,"03/28/25 13:56:00",80419,71739,9,4,"6-2 6-2",,,,,
16121,"03/29/25 12:00:00",75090,52528,10,1,,,,,,
16121,"03/29/25 12:00:00",81710,80419,10,2,,,,,,
16121,,3700,3700,12,1,,,,,,
16121,,75090,81721,2,13,"6-3 6-0",,,,,
16125,,93626,57885,1,15,"6-3 3-6 10-6",,,,,
16121,,84129,99962,4,2,"3-6 6-3 10-4",,,,,
16121,,99827,99963,4,3,"6-4 6-1",,,,,
16121,,99965,99964,4,4,"6-2 6-4",,,,,
16121,,99966,89273,4,5,"6-3 6-2",,,,,
16121,,99823,99967,4,6,"6-3 6-3",,,,,
16121,,99968,99826,4,7,"6-3 6-1",,,,,
16121,,99970,99969,4,8,"6-3 6-4",,,,,
16121,,85244,84129,9,1,"6-0 6-3",,,,,
16121,,99827,99965,9,2,"6-1 6-2",,,,,
16121,,99823,99966,9,3,"6-1 6-1",,,,,
16121,,99968,99970,9,4,"6-2 6-2",,,,,
16121,,85244,99827,10,1,"6-2 7-6(4)",,,,,
16121,,99968,99823,10,2,"6-7(4) 6-2 10-6",,,,,
16121,,85244,99968,12,1,,,,,,
16115,"03/24/25 16:10:00",14629,73698,3,8,"6-4 6-7(5) 7-5",,,,,
16115,"03/26/25 17:20:00",69246,65417,4,1,"3-6 6-3 6-4",,,,,
16115,"03/25/25 13:10:00",73203,25509,4,2,"7-6(5) 6-2",,,,,
16115,"03/25/25 17:15:00",71092,39326,4,4,"6-4 6-4",,,,,
16115,"03/26/25 13:05:00",14654,6577,4,5,"6-2 7-5",,,,,
16115,"03/26/25 20:00:00",13311,70958,4,7,"5-7 6-4 7-5",,,,,
16115,"03/26/25 22:30:00",26509,14629,4,8,"6-3 6-7(5) 6-2",,,,,
16115,"03/25/25 13:10:00",44338,14397,4,9,"6-7(4) 7-5 6-2",,,,,
16115,"03/25/25 19:30:00",73274,49066,4,10,"6-1 7-6(4)",,,,,
16115,"03/26/25 11:35:00",17862,32313,4,11,"7-6(3) 6-2",,,,,
16115,"03/26/25 15:25:00",61688,17549,4,12,"6-4 6-2",,,,,
16115,"03/26/25 13:40:00",33094,27243,4,13,"6-3 6-1",,,,,
16115,"03/25/25 11:35:00",33357,57067,4,14,"6-4 7-5",,,,,
16115,,61096,70347,4,15,"6-1 6-3",,,,,
16115,"03/25/25 18:10:00",38911,63749,4,16,"6-4 6-1",,,,,
16115,"03/27/25 13:30:00",69246,73203,5,1,"7-6(7) 6-1",,,,,
16115,"03/27/25 14:15:00",18197,71092,5,2,"1-6 6-1 7-6(5)",,,,,
16115,"03/27/25 11:30:00",14654,63359,5,3,"7-5 6-3",,,,,
16115,"03/27/25 15:15:00",26509,13311,5,4,"6-0 6-3",,,,,
16115,"03/27/25 18:35:00",73274,44338,5,5,"6-1 6-0",,,,,
16115,"03/27/25 21:20:00",61688,17862,5,6,"6-3 6-1",,,,,
16115,"03/27/25 11:35:00",33357,33094,5,7,"6-4 4-6 6-3",,,,,
16115,"03/27/25 17:04:00",38911,61096,5,8,"6-2 6-4",,,,,
16115,"03/28/25 13:05:00",18197,69246,9,1,"6-4 3-6 6-3",,,,,
16115,"03/28/25 15:25:00",14654,26509,9,2,"6-1 ret.",,,,,
16115,"03/28/25 20:00:00",73274,61688,9,3,"6-0 6-1",,,,,
16115,"03/28/25 18:05:00",38911,33357,9,4,"6-4 6-2",,,,,
16115,"03/29/25 14:30:00",18197,14654,10,1,,,,,,
16115,,73274,38911,10,2,,,,,,
16115,,3700,3700,12,1,,,,,,
16118,"03/24/25 16:35:00",9362,70663,3,7,"6-7(5) 6-2 7-6(5)",,,,,
16116,,96501,97775,4,1,"6-4 7-5",,,,,
16116,,99850,99421,4,2,"6-2 6-1",,,,,
16116,,99563,99971,4,3,"6-1 7-6(6)",,,,,
16116,,99845,99972,4,4,"w/o",,,,,
16116,,99974,78883,4,6,"w/o",,,,,
16116,,88919,99849,4,7,"6-4 6-1",,,,,
16116,,99975,99847,4,8,"5-7 6-2 10-6",,,,,
16116,,96501,99850,9,1,"6-4 6-1",,,,,
16116,,99563,99845,9,2,"2-6 6-1 10-8",,,,,
16116,,99974,99973,9,3,"6-0 6-2",,,,,
16116,,88919,99975,9,4,"w/o",,,,,
16116,,96501,99563,10,1,,,,,,
16116,,99974,88919,10,2,,,,,,
16116,,3699,3699,12,1,,,,,,
16073,"03/26/25 15:30:00",98957,99976,4,1,"6-4 4-6 10-3",,,,,
16073,"03/25/25 13:20:00",94812,53375,4,2,"6-4 6-4",,,,,
16073,"03/25/25 11:00:00",99977,99762,4,3,"6-2 6-2",,,,,
16073,"03/26/25 17:20:00",74864,99978,4,4,"7-6(5) 6-2",,,,,
15956,"03/17/25 18:00:00",31728,6651,3,2,"6-3 2-6 7-6(5)",,,,,
15956,"03/17/25 19:30:00",65912,4177,3,9,"6-1 6-2",,,,,
15956,"03/17/25 20:30:00",26356,87188,3,12,"6-2 7-6(9)",,,,,
16073,"03/25/25 13:20:00",51038,93469,4,5,"7-5 6-1",,,,,
16073,"03/25/25 12:10:00",99763,98380,4,7,"6-3 6-1",,,,,
16073,"03/27/25 14:00:00",94812,98957,9,1,"6-4 6-4",,,,,
16073,"03/27/25 14:00:00",99977,74864,9,2,"7-6(6) 6-1",,,,,
16073,"03/27/25 14:00:00",51038,98865,9,3,"6-4 6-7(5) 12-10",,,,,
16073,"03/28/25 13:30:00",94812,99977,10,1,"6-1 6-4",,,,,
16073,"03/28/25 15:00:00",96498,51038,10,2,"7-6(5) 7-6(1)",,,,,
16073,,94812,96498,12,1,,,,,,
16118,"03/24/25 21:45:00",59449,51278,4,22,"6-1 6-3",,,,,
16072,"03/24/25 22:10:00",25513,34441,4,7,"6-1 6-2",,,,,
15956,"03/25/25 02:00:00",67792,17142,7,7,"w/o",,,,,
16123,"03/25/25 06:05:00",51958,12641,4,5,"6-2 6-2",,,,,
16123,"03/25/25 06:03:00",26342,92619,4,10,"2-6 6-2 6-2",,,,,
16118,,99979,99980,4,1,"6-2 6-1",,,,,
16118,,44556,99981,4,2,"6-1 6-3",,,,,
16118,,99867,99863,4,3,"7-5 3-6 10-7",,,,,
16118,,99985,99984,4,5,"6-1 7-5",,,,,
16118,,93345,93776,4,6,"4-6 6-1 12-10",,,,,
16118,,99297,99986,4,7,"6-1 6-4",,,,,
16118,,99987,97925,4,8,"7-6(3) 2-6 10-6",,,,,
16118,,99979,44556,9,1,"w/o",,,,,
16118,,99983,99867,9,2,"w/o",,,,,
16118,,93345,99985,9,3,"6-4 3-6 10-6",,,,,
16118,,99987,99297,9,4,"w/o",,,,,
16118,,99979,99983,10,1,,,,,,
16118,,93345,99987,10,2,,,,,,
16118,,3699,3699,12,1,,,,,,
16117,"03/25/25 11:00:00",74077,72530,4,1,"6-2 6-1",,,,,
16121,"03/25/25 11:35:00",74597,62608,3,1,"6-4 6-2",,,,,
16124,"03/25/25 10:40:00",11392,49868,3,1,"6-1 6-1",,,,,
16073,"03/25/25 11:00:00",44349,72881,4,3,"6-3 6-1",,,,,
16115,"03/25/25 11:35:00",18197,51925,4,3,"4-6 6-3 6-1",,,,,
16120,"03/25/25 12:05:00",24845,14680,4,16,"6-0 6-2",,,,,
16119,"03/25/25 11:40:00",27920,72666,3,3,"6-2 4-6 10-8",,,,,
16121,"03/25/25 11:35:00",93464,76662,3,6,"6-2 7-5",,,,,
16121,"03/25/25 13:05:00",75649,51597,4,1,"7-5 6-2",,,,,
16119,"03/25/25 12:10:00",90514,72812,3,8,"6-1 5-7 10-6",,,,,
16122,,61582,70199,3,3,"6-3 5-7 10-3",,,,,
16124,"03/25/25 12:18:00",80080,95802,3,5,"0-6 7-6(3) 12-10",,,,,
16117,"03/25/25 13:00:00",36822,65789,4,16,"6-3 6-4",,,,,
16125,"03/25/25 12:25:00",43164,90983,4,15,"3-6 6-3 6-2",,,,,
16115,"03/25/25 15:45:00",63359,57213,4,6,"6-1 7-6(5)",,,,,
16124,,33095,23858,4,1,"3-2 ret.",,,,,
16124,"03/26/25 17:40:00",86227,48708,4,2,"6-0 6-0",,,,,
16124,,82505,99988,4,3,"6-0 6-0",,,,,
16124,"03/26/25 13:30:00",73873,58907,4,4,"4-6 6-4 6-1",,,,,
16124,"03/26/25 12:12:00",16801,87210,4,5,"6-1 6-1",,,,,
16124,"03/26/25 10:40:00",77521,11392,4,6,"6-1 6-4",,,,,
16124,,18144,97632,4,7,"6-7(11) 7-5 6-4",,,,,
16124,"03/26/25 14:50:00",28118,83603,4,8,"6-4 6-3",,,,,
16124,"03/26/25 15:15:00",99989,87646,4,9,"3-6 7-5 7-5",,,,,
16124,"03/26/25 10:35:00",76967,59916,4,10,"6-4 6-4",,,,,
16124,"03/26/25 13:30:00",58605,70414,4,11,"6-2 6-2",,,,,
16124,"03/26/25 15:00:00",75820,46156,4,12,"6-3 3-6 6-4",,,,,
16124,"03/26/25 18:25:00",80080,74181,4,13,"6-3 3-6 7-5",,,,,
16124,"03/26/25 18:41:00",73694,47208,4,15,"6-2 6-1",,,,,
16124,"03/26/25 10:40:00",47858,78389,4,16,"6-2 6-2",,,,,
16124,,33095,86227,5,1,"0-6 6-3 6-1",,,,,
16124,"03/27/25 10:35:00",73873,82505,5,2,"7-6(1) 2-0 ret.",,,,,
16124,"03/27/25 12:50:00",16801,77521,5,3,"6-4 6-3",,,,,
16124,,18144,28118,5,4,"7-6(4) 6-7(4) 6-4",,,,,
16124,"03/27/25 12:55:00",76967,99989,5,5,"6-4 7-5",,,,,
16124,"03/27/25 10:35:00",75820,58605,5,6,"7-5 6-4",,,,,
16124,"03/27/25 14:30:00",80080,74188,5,7,"4-6 6-4 6-1",,,,,
16124,"03/27/25 14:40:00",47858,73694,5,8,"6-2 4-6 6-0",,,,,
16124,"03/28/25 11:05:00",73873,33095,9,1,"7-6(1) 6-4",,,,,
16124,"03/28/25 11:05:00",16801,18144,9,2,"6-0 6-2",,,,,
16124,"03/28/25 11:05:00",76967,75820,9,3,"6-2 6-2",,,,,
16124,"03/28/25 11:05:00",47858,80080,9,4,"6-0 6-2",,,,,
16124,"03/29/25 11:00:00",73873,16801,10,1,,,,,,
16124,"03/29/25 11:00:00",76967,47858,10,2,,,,,,
16124,,3700,3700,12,1,,,,,,
16119,,99906,98907,4,1,"6-4 6-3",,,,,
16122,,99225,99920,4,5,"6-2 6-3",,,,,
16124,,69518,99950,4,6,"6-3 6-1",,,,,
16117,,99942,94982,4,8,"7-6(8) 2-6 10-7",,,,,
16121,,85244,95216,4,1,"6-0 6-3",,,,,
16122,,99922,76993,4,7,"6-3 6-4",,,,,
16125,,99955,99956,4,2,"7-5 7-5",,,,,
16118,"03/25/25 18:23:00",9362,59590,4,7,"7-5 7-5",,,,,
16072,"03/28/25 01:00:00",99990,82724,4,1,"7-6(5) 6-2",,,,,
16072,"03/26/25 23:00:00",99991,99992,4,2,"6-4 6-3",,,,,
16072,,54058,99993,4,3,"6-3 6-0",,,,,
16072,"03/27/25 00:30:00",99994,75327,4,4,"6-1 6-4",,,,,
16072,"03/29/25 19:00:00",99990,99991,9,1,,,,,,
16072,"03/29/25 00:30:00",99994,54058,9,2,"0-6 6-3 10-8",,,,,
16072,,3699,3699,9,3,,,,,,
16072,,3699,3699,9,4,,,,,,
16072,,3699,99994,10,1,,,,,,
16072,,3699,3699,10,2,,,,,,
16072,,3699,3699,12,1,,,,,,
16120,"03/25/25 13:10:00",17040,59749,4,9,"3-6 7-5 7-5",,,,,
16116,"03/25/25 20:20:00",12059,30278,4,5,"7-6(3) 6-7(8) 6-2",,,,,
15956,"03/26/25 01:00:00",14362,9357,9,2,"6-3 6-2",,,,,
16072,"03/26/25 03:00:00",17614,14609,4,1,"6-3 6-2",,,,,
16123,"03/26/25 08:05:00",77410,77122,4,13,"6-3 6-1",,,,,
16115,,97873,99929,4,8,"6-2 6-0",,,,,
16116,,99973,44998,4,5,"w/o",,,,,
16118,,99983,99982,4,4,"1-6 6-1 10-7",,,,,
15956,"03/18/25 20:30:00",27032,57090,4,19,"6-4 6-3",,,,,
15956,"03/18/25 19:30:00",17062,32633,4,31,"3-6 6-1 6-3",,,,,
15956,"03/19/25 01:00:00",64343,18403,4,15,"6-3 6-2",,,,,
15956,,93781,99110,4,1,"6-2 6-1",,,,,
15956,"03/22/25 18:00:00",77734,86685,4,2,"6-2 6-2",,,,,
15956,"03/22/25 00:00:00",73865,99880,4,3,"6-1 6-1",,,,,
15956,"03/22/25 23:15:00",65079,99873,4,5,"6-1 5-7 12-10",,,,,
15956,"03/22/25 22:30:00",97610,95794,4,6,"6-3 6-4",,,,,
15956,"03/21/25 01:40:00",98956,99567,4,7,"6-3 6-4",,,,,
15956,"03/22/25 19:30:00",66163,99874,4,8,"4-6 6-3 10-7",,,,,
15956,"03/20/25 18:00:00",72046,92863,4,9,"7-5 6-4",,,,,
15956,"03/20/25 19:30:00",95592,99875,4,10,"6-7(7) 6-4 10-5",,,,,
15956,"03/20/25 22:10:00",94430,99876,4,11,"6-2 6-4",,,,,
15956,"03/22/25 21:50:00",89717,93802,4,13,"2-6 6-3 10-7",,,,,
15956,"03/23/25 00:00:00",95615,91464,4,14,"6-3 7-5",,,,,
15956,"03/22/25 02:00:00",77423,30703,4,15,"6-2 7-5",,,,,
15956,"03/23/25 00:00:00",75432,88669,4,16,"6-4 7-6(6)",,,,,
15956,"03/24/25 18:00:00",93781,77734,5,1,"6-4 6-2",,,,,
15956,"03/23/25 22:45:00",73865,99112,5,2,"6-4 6-4",,,,,
15956,"03/23/25 22:30:00",97610,65079,5,3,"7-6(4) 6-2",,,,,
15956,"03/23/25 21:00:00",66163,98956,5,4,"6-3 6-1",,,,,
15956,,95592,72046,5,5,"6-1 6-2",,,,,
15956,"03/23/25 18:00:00",99881,94430,5,6,"6-4 6-3",,,,,
15956,"03/24/25 00:45:00",95615,89717,5,7,"1-3 ret.",,,,,
15956,"03/24/25 23:00:00",75432,77423,5,8,"6-3 6-3",,,,,
15956,"03/25/25 20:15:00",93781,73865,9,1,"7-5 6-2",,,,,
15956,"03/25/25 18:00:00",97610,66163,9,2,"4-6 7-5 10-8",,,,,
15956,"03/26/25 20:00:00",95592,99881,9,3,"5-7 6-3 10-4",,,,,
15956,"03/26/25 21:30:00",95615,75432,9,4,"6-3 6-4",,,,,
15956,"03/28/25 20:00:00",97610,93781,10,1,"2-6 7-5 10-2",,,,,
15956,,95592,95615,10,2,,,,,,
15956,,97610,3699,12,1,,,,,,
15956,"03/19/25 18:00:00",74280,44040,4,55,"7-5 5-7 6-3",,,,,
15956,"03/19/25 21:00:00",67792,52790,4,51,"6-3 7-6(3)",,,,,
15956,"03/20/25 02:55:00",13706,38478,4,38,"7-5 1-6 6-4",,,,,
15956,"03/20/25 21:00:00",54663,23432,5,9,"6-0 6-0",,,,,
15956,"03/20/25 22:00:00",13621,12390,5,6,"7-6(2) 1-6 6-1",,,,,
15956,"03/21/25 02:00:00",65912,13094,5,12,"6-0 6-2",,,,,
15956,"03/21/25 19:30:00",67792,16628,5,26,"7-6(2) 7-5",,,,,
15956,"03/21/25 22:00:00",48900,66597,5,18,"2-6 7-5 7-6(4)",,,,,
15956,,99881,99042,4,12,"4-6 6-2 10-7",,,,,
15956,"03/22/25 02:00:00",11672,54123,5,25,"6-3 6-3",,,,,
16117,"03/23/25 16:10:00",64934,86014,1,1,"6-0 6-4",,,,,
16117,,61284,76639,1,2,"6-2 6-2",,,,,
16117,,86330,98671,1,3,"6-0 6-1",,,,,
16117,"03/23/25 11:05:00",77714,69739,1,4,"6-3 6-3",,,,,
16117,,34470,92841,1,5,"6-1 6-0",,,,,
16117,,66589,77413,1,7,"6-0 6-3",,,,,
16117,"03/23/25 12:40:00",79039,83592,1,8,"6-2 6-2",,,,,
16117,,73838,16915,1,9,"6-0 6-1",,,,,
16117,"03/23/25 15:00:00",88351,35500,1,10,"7-6(3) 6-0",,,,,
16117,"03/23/25 12:25:00",54384,51155,1,11,"6-1 6-1",,,,,
16117,"03/23/25 16:25:00",65456,77612,1,12,"7-6(0) 4-6 6-1",,,,,
16117,,68293,79503,1,14,"6-0 6-4",,,,,
16117,,72539,99882,1,15,"6-2 6-4",,,,,
16117,"03/23/25 13:54:00",72530,75661,1,16,"6-0 4-6 6-2",,,,,
16117,"03/24/25 12:25:00",64934,61284,3,1,"6-1 6-4",,,,,
16117,"03/24/25 11:05:00",86330,77714,3,2,"6-3 6-3",,,,,
16117,"03/24/25 11:05:00",34470,80038,3,3,"6-3 6-0",,,,,
16117,"03/24/25 10:59:00",66589,79039,3,4,"6-4 6-2",,,,,
16117,"03/24/25 12:50:00",73838,88351,3,5,"6-1 5-7 6-2",,,,,
16117,,54384,65456,3,6,"6-1 6-0",,,,,
16117,"03/24/25 11:26:00",57275,68293,3,7,"6-3 6-3",,,,,
16117,"03/24/25 12:50:00",72530,72539,3,8,"6-1 7-5",,,,,
16119,,64693,3700,1,1,"bye",,,,,
16119,,972,84360,1,2,"6-0 6-0",,,,,
16119,,90091,90787,1,3,"6-4 0-6 10-5",,,,,
16119,,93643,3700,1,4,"bye",,,,,
16119,,44114,3700,1,5,"bye",,,,,
16119,,90515,97823,1,6,"6-3 7-5",,,,,
16119,,89240,83257,1,7,"7-6(6) 6-1",,,,,
16119,,30653,3700,1,8,"bye",,,,,
16119,,27920,3700,1,9,"bye",,,,,
16119,,92736,74970,1,10,"6-1 6-3",,,,,
16119,,72666,79476,1,11,"6-2 6-3",,,,,
16119,,71554,3700,1,12,"bye",,,,,
16119,,18194,3700,1,13,"bye",,,,,
16119,,99883,82895,1,14,"6-2 6-0",,,,,
16119,,84091,3700,1,16,"bye",,,,,
16119,,32321,3700,1,17,"bye",,,,,
16119,,74582,17626,1,18,"6-3 5-7 10-2",,,,,
16119,,74435,79271,1,19,"6-2 4-6 10-8",,,,,
16119,,98857,3700,1,20,"bye",,,,,
16119,,52978,3700,1,21,"bye",,,,,
16119,,82492,3700,1,22,"bye",,,,,
16119,,99712,95785,1,23,"6-4 6-4",,,,,
16119,,24659,3700,1,24,"bye",,,,,
16119,,71981,3700,1,25,"bye",,,,,
16119,,71172,54637,1,26,"6-3 6-0",,,,,
16119,,33336,3700,1,28,"bye",,,,,
16119,,51808,3700,1,29,"bye",,,,,
16119,,90514,75545,1,30,"5-7 6-4 10-3",,,,,
16119,,79469,93296,1,31,"6-0 6-0",,,,,
16119,,72812,3700,1,32,"bye",,,,,
16119,,972,64693,2,1,"6-1 7-5",,,,,
16119,,90091,93643,2,2,"6-3 6-2",,,,,
16119,,44114,90515,2,3,,,,,,
16119,,30653,89240,2,4,"6-1 6-0",,,,,
16119,,27920,92736,2,5,"6-1 7-5",,,,,
16119,,84091,93441,2,8,"6-1 6-2",,,,,
16119,,32321,74582,2,9,"6-4 1-6 10-4",,,,,
16119,,98857,74435,2,10,"6-3 6-1",,,,,
16119,,52978,82492,2,11,"6-1 3-6 10-3",,,,,
16119,,24659,99712,2,12,"6-7(2) 6-4 10-5",,,,,
16119,,71981,71172,2,13,,,,,,
16119,,33336,95596,2,14,"6-0 6-2",,,,,
16119,,90514,51808,2,15,"6-0 6-4",,,,,
16119,,72812,79469,2,16,"6-1 6-4",,,,,
16119,"03/25/25 12:10:00",90091,972,3,1,"4-6 6-4 10-8",,,,,
16119,,3700,30653,3,2,,,,,,
16119,"03/25/25 12:20:00",18194,84091,3,4,"6-3 6-3",,,,,
16119,,98857,32321,3,5,"6-3 6-3",,,,,
16119,"03/25/25 12:25:00",52978,24659,3,6,"6-4 6-1",,,,,
16119,,3700,33336,3,7,,,,,,
16122,,32500,30433,1,1,"6-7(1) 7-5 10-6",,,,,
16122,,58901,85192,1,2,"6-4 5-7 12-10",,,,,
16122,,73456,94753,1,4,"4-6 6-1 10-5",,,,,
16122,,80952,87584,1,5,"6-0 4-6 10-2",,,,,
16122,,65305,76227,1,6,"6-1 6-2",,,,,
16122,,91688,91229,1,7,"6-3 6-2",,,,,
16122,,57891,74844,1,9,"6-4 6-2",,,,,
16122,,70199,90085,1,10,"6-1 6-1",,,,,
16122,,70100,58897,1,11,"7-6(3) 6-3",,,,,
16122,,61582,77858,1,12,"6-4 6-1",,,,,
16122,,50210,99583,1,13,"6-1 6-0",,,,,
16122,,80954,72647,1,15,"6-3 6-0",,,,,
16122,,76807,37621,1,16,"6-4 6-2",,,,,
16122,,90642,48510,1,17,"6-4 6-1",,,,,
16122,,82897,75972,1,18,"6-4 6-4",,,,,
16122,,46576,99884,1,19,"6-1 6-0",,,,,
16122,,97236,44513,1,20,"6-1 6-0",,,,,
16122,,76963,69238,1,21,"6-0 ret.",,,,,
16122,,95941,99729,1,22,"6-0 6-2",,,,,
16122,,98959,92275,1,23,"6-4 6-4",,,,,
16122,,74179,57285,1,24,"6-4 6-3",,,,,
16122,,60360,88664,1,25,"6-1 6-2",,,,,
16122,,76087,97050,1,27,"7-5 6-3",,,,,
16122,,81158,73288,1,28,"6-1 6-1",,,,,
16122,,43007,90250,1,29,"6-4 6-4",,,,,
16122,,52642,99730,1,31,"6-1 6-2",,,,,
16122,,73579,71131,1,32,"6-4 6-4",,,,,
16122,,32500,58901,2,1,"5-0 ret.",,,,,
16122,,73456,78929,2,2,"6-2 6-1",,,,,
16122,,80952,65305,2,3,"6-4 7-6(3)",,,,,
16122,,70199,57891,2,5,"6-4 7-6(0)",,,,,
16122,,61582,70100,2,6,"6-3 6-3",,,,,
16122,,50210,66328,2,7,"4-6 6-3 10-6",,,,,
16122,,76807,80954,2,8,"6-1 6-1",,,,,
16122,,82897,90642,2,9,"4-4 ret.",,,,,
16122,,95941,76963,2,11,"6-3 6-7(2) 10-4",,,,,
16122,,74179,98959,2,12,"6-1 6-0",,,,,
16122,,60360,87615,2,13,"6-1 6-7(5) 10-8",,,,,
16122,,81158,76087,2,14,"6-0 6-1",,,,,
16122,,52642,73579,2,16,"6-4 6-3",,,,,
16122,,73456,32500,3,1,"7-6(5) 6-4",,,,,
16122,,26130,80952,3,2,"6-3 6-3",,,,,
16122,,50210,76807,3,4,,,,,,
16122,,82897,46576,3,5,"6-1 6-1",,,,,
16122,,74179,95941,3,6,"4-6 6-1 10-1",,,,,
16122,,81158,60360,3,7,"6-2 6-3",,,,,
16122,,43007,52642,3,8,"7-5 6-3",,,,,
16123,"03/23/25 06:05:00",79771,67947,1,2,"6-2 3-0 ret.",,,,,
16123,"03/23/25 06:20:00",83975,54484,1,3,"6-4 7-6(2)",,,,,
16123,"03/23/25 08:10:00",71827,58724,1,4,"6-4 6-0",,,,,
16123,"03/23/25 07:35:00",72260,8147,1,5,"6-3 6-3",,,,,
16123,"03/23/25 06:03:00",86048,72742,1,7,"6-2 7-5",,,,,
16123,"03/23/25 09:39:00",38441,73195,1,8,"6-1 6-4",,,,,
16123,"03/23/25 09:20:00",81872,84869,1,9,"4-6 6-2 10-5",,,,,
16123,"03/23/25 11:30:00",79699,39325,1,11,"6-4 6-4",,,,,
16123,"03/23/25 11:20:00",84224,76815,1,12,"6-4 6-4",,,,,
16123,,41385,85781,1,13,"6-0 6-0",,,,,
16123,"03/23/25 08:05:00",82324,70408,1,14,"7-5 6-1",,,,,
16123,"03/23/25 09:05:00",74960,41699,1,15,"6-3 6-1",,,,,
16123,,87214,44324,1,16,"6-4 6-4",,,,,
16123,"03/24/25 06:05:00",83975,71827,3,2,"4-6 6-4 10-6",,,,,
16123,"03/24/25 06:05:00",72260,47589,3,3,"3-6 6-3 10-6",,,,,
16123,"03/24/25 07:35:00",81872,92282,3,5,"6-2 6-1",,,,,
16123,"03/24/25 07:45:00",79699,84224,3,6,"6-2 4-6 10-5",,,,,
16123,"03/24/25 06:03:00",41385,82324,3,7,"6-2 6-3",,,,,
16123,"03/24/25 08:00:00",74960,87214,3,8,"6-2 6-1",,,,,
16124,,11392,3700,1,1,"bye",,,,,
16124,,69245,80048,1,2,"7-6(7) 6-2",,,,,
16124,,79697,79459,1,3,"6-1 6-0",,,,,
16124,,49868,3700,1,4,"bye",,,,,
16124,,81715,3700,1,5,"bye",,,,,
16124,,78944,65302,1,7,"6-0 6-2",,,,,
16124,,47208,3700,1,8,"bye",,,,,
16124,,77218,3700,1,9,"bye",,,,,
16124,,85234,77951,1,10,"6-4 6-3",,,,,
16124,,76224,92043,1,11,"6-3 6-2",,,,,
16124,,87210,3700,1,12,"bye",,,,,
16124,,74188,3700,1,13,"bye",,,,,
16124,,89108,82713,1,14,"1-6 7-6(4) 10-7",,,,,
16124,,91952,3700,1,16,"bye",,,,,
16124,,80080,3700,1,17,"bye",,,,,
16124,,81998,84155,1,18,"7-6(6) 6-1",,,,,
16124,,99885,81562,1,19,"6-4 6-4",,,,,
16124,,95802,3700,1,20,"bye",,,,,
16124,,17692,3700,1,21,"bye",,,,,
16124,,96929,76370,1,22,"1-6 6-4 12-10",,,,,
16124,,83273,83277,1,23,"6-2 6-3",,,,,
16124,,94937,3700,1,24,"bye",,,,,
16121,,87601,3700,1,28,"bye",,,,,
16121,,92104,3700,1,29,"bye",,,,,
16121,,81360,80538,1,30,"6-1 6-4",,,,,
16121,,99450,88376,1,31,"6-4 7-5",,,,,
16121,,91884,3700,1,32,"bye",,,,,
16121,,74597,83825,2,1,"6-2 6-0",,,,,
16121,,62608,94130,2,2,"6-1 6-1",,,,,
16121,,76398,86890,2,3,"6-2 6-1",,,,,
16121,,57209,88938,2,4,"6-1 6-1",,,,,
16121,,87780,99454,2,5,"7-6(1) 6-3",,,,,
16121,,76235,76240,2,6,"7-6(4) 7-5",,,,,
16121,,39038,56441,2,7,"7-6(2) 6-3",,,,,
16121,,93936,90636,2,8,"6-3 6-0",,,,,
16121,,94267,99169,2,10,"6-2 6-3",,,,,
16121,,93464,89565,2,11,"6-1 6-1",,,,,
16121,,76662,98637,2,12,"4-6 6-4 10-2",,,,,
16121,,73472,87601,2,14,"4-6 6-4 10-4",,,,,
16121,,92104,81360,2,15,"6-3 7-5",,,,,
16121,,91884,99450,2,16,"6-0 6-2",,,,,
16121,"03/25/25 11:35:00",57209,76398,3,2,"6-1 0-6 10-8",,,,,
16121,"03/25/25 11:35:00",87780,76235,3,3,"6-0 6-2",,,,,
16121,"03/25/25 11:35:00",93936,39038,3,4,"6-1 6-3",,,,,
16121,"03/25/25 11:35:00",69395,94267,3,5,"6-0 6-0",,,,,
16121,"03/25/25 11:30:00",75090,73472,3,7,"6-0 6-2",,,,,
16121,"03/25/25 11:30:00",91884,92104,3,8,"6-4 5-7 11-9",,,,,
16125,,75301,3700,1,1,"bye",,,,,
16125,,73592,78919,1,2,"6-0 6-4",,,,,
16125,,81717,71549,1,3,"6-2 6-1",,,,,
16125,,66615,99688,1,4,"6-0 6-0",,,,,
16125,,38710,92613,1,5,"6-0 6-2",,,,,
16125,,92882,91321,1,6,"w/o",,,,,
16125,,81640,86371,1,8,"6-0 6-2",,,,,
16125,,73045,95285,1,9,"6-1 6-0",,,,,
16125,,99207,83820,1,10,"6-3 6-4",,,,,
16125,,53586,99731,1,11,"6-1 6-0",,,,,
16125,,3700,71879,1,12,,,,,,
16125,,83686,65303,1,13,"6-1 6-3",,,,,
16125,,93637,80978,1,14,"6-4 6-2",,,,,
16125,,96126,99886,1,16,"2-6 6-3 10-5",,,,,
16125,,75301,73592,3,1,"6-1 6-2",,,,,
16125,,81717,66615,3,2,"7-5 6-2",,,,,
16125,,38710,92882,3,3,"6-3 6-4",,,,,
16125,,81640,78546,3,4,"6-0 6-2",,,,,
16125,,73045,99207,3,5,"6-2 7-5",,,,,
16125,,53586,3700,3,6,,,,,,
16125,,83686,93637,3,7,"6-0 3-6 10-7",,,,,
16125,,93626,96126,3,8,"6-0 6-1",,,,,
15956,"03/22/25 21:00:00",99112,99872,4,4,"6-2 7-6(6)",,,,,
15956,"03/22/25 22:00:00",54663,13541,6,5,"6-2 6-4",,,,,
16123,,77122,76957,1,1,"6-2 6-1",,,,,
16115,,13311,3700,1,1,"bye",,,,,
16115,"03/23/25 12:05:00",17862,11976,1,2,"6-2 6-3",,,,,
16115,,57213,3700,1,3,"bye",,,,,
16115,"03/23/25 13:30:00",46204,12997,1,4,"7-6(9) 7-5",,,,,
16115,,63769,3700,1,5,"bye",,,,,
16115,"03/23/25 13:30:00",33094,41691,1,6,"6-4 6-3",,,,,
16115,,49066,3700,1,7,"bye",,,,,
16115,"03/23/25 17:05:00",36165,48414,1,8,"6-0 6-2",,,,,
16115,,25509,3700,1,9,"bye",,,,,
16115,,6577,79478,1,10,"6-1 6-0",,,,,
16115,,61096,3700,1,11,"bye",,,,,
16124,,70410,3700,1,25,"bye",,,,,
16124,,81746,90100,1,26,"6-1 6-2",,,,,
16124,,97632,96285,1,27,"6-4 6-4",,,,,
16124,,40535,3700,1,28,"bye",,,,,
16124,,46156,3700,1,29,"bye",,,,,
16124,,77521,67645,1,31,"6-3 6-2",,,,,
16124,,72330,3700,1,32,"bye",,,,,
16124,,11392,69245,2,1,"6-1 6-0",,,,,
16124,,49868,79697,2,2,"6-1 7-6(6)",,,,,
16124,,81715,87582,2,3,"6-1 6-2",,,,,
16124,,47208,78944,2,4,"3-0 ret.",,,,,
16124,,85234,77218,2,5,"6-1 6-4",,,,,
16124,,87210,76224,2,6,"6-1 7-6(3)",,,,,
16124,,74188,89108,2,7,"4-6 6-3 10-3",,,,,
16124,,80080,81998,2,9,"6-1 1-6 10-6",,,,,
16124,,95802,99885,2,10,"6-7(6) 6-1 12-10",,,,,
16124,,17692,96929,2,11,"6-2 6-2",,,,,
16124,,94937,83273,2,12,"6-2 6-2",,,,,
16124,,81746,70410,2,13,"4-6 6-3 10-8",,,,,
16124,,97632,40535,2,14,"6-4 6-4",,,,,
16124,,77521,72330,2,16,"6-0 6-0",,,,,
16124,"03/25/25 10:35:00",47208,81715,3,2,"4-6 6-3 10-7",,,,,
16124,"03/25/25 14:12:00",87210,85234,3,3,"7-5 6-7(4) 11-9",,,,,
16124,"03/25/25 10:40:00",74188,91952,3,4,"7-5 6-2",,,,,
16124,"03/25/25 10:32:00",94937,17692,3,6,"6-3 6-1",,,,,
16124,"03/25/25 12:41:00",97632,81746,3,7,"6-1 6-3",,,,,
16124,"03/25/25 12:00:00",77521,46156,3,8,"3-6 6-3 10-7",,,,,
16073,"03/23/25 12:10:00",12640,17896,1,1,"1-6 7-6(5) 6-3",,,,,
16073,"03/23/25 11:00:00",59575,43010,1,2,"6-1 6-4",,,,,
16073,"03/23/25 12:10:00",50943,14293,1,3,"6-2 6-2",,,,,
16073,"03/23/25 11:00:00",90516,8616,1,5,"6-7(8) 6-2 6-4",,,,,
16073,"03/23/25 11:00:00",73771,16106,1,6,"6-4 7-5",,,,,
16073,"03/23/25 13:20:00",72881,26193,1,8,"5-7 6-3 6-2",,,,,
16073,"03/24/25 11:00:00",59575,12640,3,1,"6-0 6-2",,,,,
16073,"03/24/25 11:00:00",50943,13937,3,2,"6-3 6-4",,,,,
16073,"03/24/25 11:00:00",73771,90516,3,3,"6-1 6-3",,,,,
16073,"03/24/25 11:00:00",72881,27035,3,4,"6-2 6-1",,,,,
16121,,74597,3700,1,1,"bye",,,,,
16121,,83825,97457,1,2,"6-4 6-2",,,,,
16121,,94130,86871,1,3,"5-7 6-3 10-4",,,,,
16121,,62608,3700,1,4,"bye",,,,,
16121,,76398,3700,1,5,"bye",,,,,
16121,,88938,88950,1,7,"6-3 6-2",,,,,
16121,,57209,3700,1,8,"bye",,,,,
16121,,87780,3700,1,9,"bye",,,,,
16121,,99454,77307,1,10,"4-6 6-2 13-11",,,,,
16121,,76235,99589,1,11,"w/o",,,,,
16121,,76240,3700,1,12,"bye",,,,,
16121,,39038,3700,1,13,"bye",,,,,
16121,,56441,80042,1,14,"6-1 6-1",,,,,
16121,,93936,3700,1,16,"bye",,,,,
16121,,69395,3700,1,17,"bye",,,,,
16121,,35603,95955,1,18,"6-4 4-6 15-13",,,,,
16121,,99169,75387,1,19,"6-2 6-1",,,,,
16121,,94267,3700,1,20,"bye",,,,,
16121,,93464,3700,1,21,"bye",,,,,
16121,,89565,71304,1,22,"5-7 6-2 10-5",,,,,
16121,,98637,94072,1,23,"6-0 6-2",,,,,
16121,,76662,3700,1,24,"bye",,,,,
16121,,75090,3700,1,25,"bye",,,,,
16121,,81721,88940,1,26,"6-3 6-0",,,,,
16121,,73472,94269,1,27,"6-4 6-3",,,,,
16115,,74176,3700,1,13,"bye",,,,,
16115,"03/23/25 12:05:00",63359,18460,1,14,"6-2 6-3",,,,,
16115,,73698,3700,1,15,"bye",,,,,
16115,"03/23/25 15:20:00",14629,91133,1,16,"6-2 6-3",,,,,
16115,"03/24/25 12:05:00",13311,17862,3,1,"6-4 1-6 6-3",,,,,
16115,"03/24/25 13:35:00",33094,63769,3,3,"4-6 6-1 7-6(7)",,,,,
16115,"03/24/25 19:30:00",49066,36165,3,4,"6-3 6-3",,,,,
16115,"03/24/25 16:45:00",6577,25509,3,5,"5-7 6-4 6-3",,,,,
16115,"03/24/25 19:36:00",71092,61096,3,6,"6-2 6-2",,,,,
16115,"03/24/25 12:05:00",63359,74176,3,7,"6-3 6-2",,,,,
16116,,36546,3700,1,1,"bye",,,,,
16116,"03/23/25 15:10:00",55962,76834,1,2,"6-4 6-1",,,,,
16116,,42867,3700,1,3,"bye",,,,,
16116,,12899,3700,1,5,"bye",,,,,
16116,"03/23/25 15:05:00",65173,92462,1,6,"6-2 6-0",,,,,
16116,"03/23/25 15:05:00",28075,91235,1,7,"6-1 6-4",,,,,
16116,"03/23/25 17:15:00",90651,76832,1,8,"6-0 6-1",,,,,
16116,"03/23/25 17:44:00",30278,78953,1,9,"6-2 6-1",,,,,
16116,"03/23/25 16:25:00",37603,15816,1,10,"4-6 7-5 6-3",,,,,
16116,"03/23/25 16:55:00",34595,77313,1,11,"6-1 6-2",,,,,
16116,"03/23/25 19:05:00",62729,17217,1,13,"6-4 6-3",,,,,
16116,"03/23/25 20:20:00",76375,76835,1,14,"2-6 6-1 6-0",,,,,
16116,"03/23/25 22:05:00",66717,73707,1,15,"7-5 6-3",,,,,
16116,"03/23/25 20:45:00",34735,75983,1,16,"6-3 6-0",,,,,
16116,"03/24/25 16:05:00",36546,55962,3,1,"6-3 6-1",,,,,
16116,"03/24/25 16:05:00",42867,72821,3,2,"6-0 6-1",,,,,
16116,"03/24/25 16:05:00",12899,65173,3,3,"6-4 6-2",,,,,
16116,"03/24/25 17:10:00",28075,90651,3,4,"6-2 6-4",,,,,
16116,"03/24/25 17:10:00",30278,37603,3,5,"6-4 6-2",,,,,
16116,"03/24/25 17:10:00",54677,34595,3,6,"7-6(7) 6-2",,,,,
16116,"03/24/25 19:35:00",62729,76375,3,7,"6-2 6-2",,,,,
16116,"03/24/25 19:35:00",66717,34735,3,8,"7-6(7) 7-5",,,,,
16118,,68764,99887,1,1,"6-2 6-2",,,,,
16118,"03/23/25 20:05:00",37881,85262,1,2,"6-3 6-3",,,,,
16118,"03/23/25 17:30:00",87418,84629,1,3,"6-3 6-1",,,,,
16118,"03/23/25 17:40:00",55956,76964,1,4,"6-1 6-1",,,,,
16118,"03/23/25 17:40:00",29728,33356,1,5,"6-4 6-2",,,,,
16118,"03/23/25 17:40:00",28845,90530,1,6,"6-3 6-2",,,,,
16118,"03/23/25 17:30:00",81172,55679,1,8,"6-1 6-0",,,,,
16118,,14504,99888,1,9,"6-1 6-0",,,,,
16118,,56118,92267,1,11,"6-0 6-0",,,,,
16118,"03/23/25 21:25:00",57526,71439,1,12,"6-1 5-7 6-2",,,,,
16118,"03/23/25 21:05:00",9362,53104,1,13,"6-1 7-6(3)",,,,,
16118,"03/23/25 22:02:00",70663,53794,1,14,"6-0 6-2",,,,,
16118,"03/23/25 20:35:00",59590,17300,1,16,"6-0 6-0",,,,,
16118,"03/24/25 16:05:00",37881,68764,3,1,"6-4 6-2",,,,,
16118,"03/24/25 17:10:00",29728,28845,3,3,"6-2 6-3",,,,,
16118,"03/24/25 16:10:00",39347,81172,3,4,"6-0 3-6 6-1",,,,,
16118,"03/24/25 16:00:00",14504,28436,3,5,"7-6(0) 6-4",,,,,
16118,"03/24/25 16:20:00",57526,56118,3,6,"6-2 6-0",,,,,
16118,"03/24/25 16:15:00",59590,73956,3,8,"6-3 6-3",,,,,
16120,,59466,41539,1,1,"7-5 6-2",,,,,
16120,,79778,11475,1,2,"6-4 6-4",,,,,
16120,,38720,99720,1,3,"6-2 6-1",,,,,
16120,,74949,83265,1,4,"6-1 6-2",,,,,
16120,,59749,39342,1,6,"3-6 6-1 10-8",,,,,
16120,,24853,79285,1,7,"6-3 6-1",,,,,
16120,,59581,92734,1,9,"6-2 6-1",,,,,
16120,,60397,66179,1,10,"7-6(3) 6-3",,,,,
16120,,30197,96157,1,11,"6-3 6-0",,,,,
16120,,33113,81353,1,12,"w/o",,,,,
16120,,72126,72115,1,13,"6-0 6-1",,,,,
16120,,52774,3700,1,14,,,,,,
16120,,72239,74432,1,15,"6-4 6-0",,,,,
16120,,45842,3700,1,16,,,,,,
16120,,59466,11475,3,1,,,,,,
16120,,38720,74949,3,2,"6-4 6-3",,,,,
16120,"03/24/25 15:35:00",59749,71873,3,3,"6-2 6-3",,,,,
16120,,24853,25824,3,4,"7-5 4-6 10-8",,,,,
16120,,59581,60397,3,5,"3-6 6-4 10-8",,,,,
16120,,30197,33113,3,6,"6-0 6-1",,,,,
16120,,72126,3700,3,7,,,,,,
16120,,72239,3700,3,8,,,,,,
16123,"03/23/25 08:00:00",47589,69646,1,6,"6-3 4-0 ret.",,,,,
16117,,80038,37383,1,6,"6-1 4-5 ret.",,,,,
16123,,92282,89954,1,10,"7-5 6-3",,,,,
16073,"03/23/25 12:10:00",13937,76217,1,4,"6-0 6-0",,,,,
16117,"03/23/25 13:30:00",57275,8073,1,13,"6-3 6-1",,,,,
16122,,26130,79463,1,8,"6-0 6-3",,,,,
16125,,78546,68634,1,7,"6-4 6-3",,,,,
