ID_T,NAME_T,ID_C_T,DATE_T,RANK_T,LINK_T,COUNTRY_T,PRIZE_T,RATING_T,URL_T,LATITUDE_T,LONGITUDE_T,SITE_T,RACE_T,ENTRY_T,SINGLES_T,DOUBLES_T,TIER_T,RESERVE_INT_T,RESERVE_CHAR_T,LIVE_T,RESULT_T
1,"Australian Open - Melbourne",1,"01/14/02 00:00:00",4,,"AUS",,,"http://www.australianopen.com/",-37.49,144.58,,,,,,"Grand Slam",,,,
2,"French Open - Paris",2,"05/27/02 00:00:00",4,,"FRA",,,"http://www.rolandgarros.com/",48.52,2.2,,,,,,"Grand Slam",,,,
3,"Wimbledon - London",5,"06/24/02 00:00:00",4,,"GBR",,,"http://www.wimbledon.org/",51.3,-0.1,,,,,,"Grand Slam",,,,
4,"U.S. Open - New York",1,"08/26/02 00:00:00",4,,"USA",,,"http://www.usopen.org/",40.43,-74,,,,,,"Grand Slam",,,,
5,"Australian Open - Melbourne",1,"01/13/03 00:00:00",4,1,"AUS",,,"http://www.australianopen.com/",-37.49,144.58,,,,,,"Grand Slam",,,,
6,"French Open - Paris",2,"05/26/03 00:00:00",4,2,"FRA",,,"http://www.rolandgarros.com/",48.52,2.2,,,,,,"Grand Slam",,,,
7,"Wimbledon - London",5,"06/23/03 00:00:00",4,3,"GBR",,,"http://www.wimbledon.org/",51.3,-0.1,,,,,,"Grand Slam",,,,
8,"U.S. Open - New York",1,"08/25/03 00:00:00",4,4,"USA",,,"http://www.usopen.org/",40.43,-74,,,,,,"Grand Slam",,,,
9,"Australian Open - Melbourne",1,"01/19/04 00:00:00",4,5,"AUS",,,"http://www.australianopen.com/",-37.49,144.58,,,,,,"Grand Slam",,,,
10,"French Open - Paris",2,"05/24/04 00:00:00",4,6,"FRA",,,"http://www.rolandgarros.com/",48.52,2.2,,,,,,"Grand Slam",,,,
11,"Wimbledon - London",5,"06/21/04 00:00:00",4,7,"GBR",,,"http://www.wimbledon.org/",51.3,-0.1,,,,,,"Grand Slam",,,,
12,"U.S. Open - New York",1,"08/30/04 00:00:00",4,8,"USA",,,"http://www.usopen.org/",40.43,-74,,,,,,"Grand Slam",,,,
13,"Australian Open - Melbourne",1,"01/17/05 00:00:00",4,9,"AUS",,,"http://www.australianopen.com/",-37.49,144.58,,,,,,"Grand Slam",,,,
14,"French Open - Paris",2,"05/23/05 00:00:00",4,10,"FRA",,,"http://www.rolandgarros.com/",48.52,2.2,,,,,,"Grand Slam",,,,
15,"Wimbledon - London",5,"06/20/05 00:00:00",4,11,"GBR",,,"http://www.wimbledon.org/",51.3,-0.1,,,,,,"Grand Slam",,,,
16,"U.S. Open - New York",1,"08/29/05 00:00:00",4,12,"USA",,,"http://www.usopen.org/",40.43,-74,,,,,,"Grand Slam",,,,
17,"Australian Open - Melbourne",1,"01/16/06 00:00:00",4,13,"AUS",,,"http://www.australianopen.com/",-37.49,144.58,,,,,,"Grand Slam",,,,
18,"French Open - Paris",2,"05/29/06 00:00:00",4,14,"FRA",,,"http://www.rolandgarros.com/",48.52,2.2,,,,,,"Grand Slam",,,,
19,"Wimbledon - London",5,"06/26/06 00:00:00",4,15,"GBR",,,"http://www.wimbledon.org/",51.3,-0.1,,,,,,"Grand Slam",,,,
20,"U.S. Open - New York",1,"08/28/06 00:00:00",4,16,"USA",,,"http://www.usopen.org/",40.43,-74,,,,,,"Grand Slam",,,,
21,"Australian Open - Melbourne",1,"01/15/07 00:00:00",4,17,"AUS",,,"http://www.australianopen.com/",-37.49,144.58,,,,,,"Grand Slam",,,,
22,"French Open - Paris",2,"05/28/07 00:00:00",4,18,"FRA",,,"http://www.rolandgarros.com/",48.52,2.2,,,,,,"Grand Slam",,,,
23,"Wimbledon - London",5,"06/25/07 00:00:00",4,19,"GBR",,,"http://www.wimbledon.org/",51.3,-0.1,,,,,,"Grand Slam",,,,
24,"U.S. Open - New York",1,"08/27/07 00:00:00",4,20,"USA",,,"http://www.usopen.org/",40.43,-74,,,,,,"Grand Slam",,,,
25,"Australian Open - Melbourne",1,"01/14/08 00:00:00",4,21,"AUS",,,"http://www.australianopen.com/",-37.49,144.58,,,,,,"Grand Slam",,,,
26,"French Open - Paris",2,"05/26/08 00:00:00",4,22,"FRA",,,"http://www.rolandgarros.com/",48.52,2.2,,,,,,"Grand Slam",,,,
27,"Wimbledon - London",5,"06/23/08 00:00:00",4,23,"GBR",,,"http://www.wimbledon.org/",51.3,-0.1,,,,,,"Grand Slam",,,,
28,"U.S. Open - New York",1,"08/25/08 00:00:00",4,24,"USA",,,"http://www.usopen.org/",40.43,-74,,,,,,"Grand Slam",,,,
29,"Australian Open - Melbourne",1,"01/19/09 00:00:00",4,25,"AUS",,,"http://www.australianopen.com/",-37.49,144.58,,,,,,"Grand Slam",,,,
30,"French Open - Paris",2,"05/25/09 00:00:00",4,26,"FRA",,,"http://www.rolandgarros.com/",48.52,2.2,,,,,,"Grand Slam",,,,
31,"Wimbledon - London",5,"06/22/09 00:00:00",4,27,"GBR",,,"http://www.wimbledon.org/",51.3,-0.1,,,,,,"Grand Slam",,,,
32,"U.S. Open - New York",1,"08/31/09 00:00:00",4,28,"USA",,,"http://www.usopen.org/",40.43,-74,,,,,,"Grand Slam",,,,
33,"Australian Open - Melbourne",1,"01/18/10 00:00:00",4,29,"AUS",,,"http://www.australianopen.com/",-37.49,144.58,,,,,,"Grand Slam",,,,
34,"French Open - Paris",2,"05/24/10 00:00:00",4,30,"FRA",,,"http://www.rolandgarros.com/",48.52,2.2,,,,,,"Grand Slam",,,,
35,"Wimbledon - London",5,"06/21/10 00:00:00",4,31,"GBR",,,"http://www.wimbledon.org/",51.3,-0.1,,,,,,"Grand Slam",,,,
36,"U.S. Open - New York",1,"08/30/10 00:00:00",4,32,"USA",,,"http://www.usopen.org/",40.43,-74,,,,,,"Grand Slam",,,,
37,"Australian Open - Melbourne",1,"01/17/11 00:00:00",4,33,"AUS",,,"http://www.australianopen.com/",-37.49,144.58,,,,,,"Grand Slam",,,,
38,"French Open - Paris",2,"05/23/11 00:00:00",4,34,"FRA",,,"http://www.rolandgarros.com/",48.52,2.2,,,,,,"Grand Slam",,,,
39,"Wimbledon - London",5,"06/20/11 00:00:00",4,35,"GBR",,,"http://www.wimbledon.org/",51.3,-0.1,,,,,,"Grand Slam",,,,
40,"U.S. Open - New York",1,"08/29/11 00:00:00",4,36,"USA",,,"http://www.usopen.org/",40.43,-74,,,,,,"Grand Slam",,,,
41,"Australian Open - Melbourne",1,"01/16/12 00:00:00",4,37,"AUS",,,"http://www.australianopen.com/",-37.49,144.58,,,,,,"Grand Slam",,,,
42,"French Open - Paris",2,"05/28/12 00:00:00",4,38,"FRA",,,"http://www.rolandgarros.com/",48.52,2.2,,,,,,"Grand Slam",,,,
43,"Wimbledon - London",5,"06/25/12 00:00:00",4,39,"GBR",,,"http://www.wimbledon.org/",51.3,-0.1,,,,,,"Grand Slam",,,,
44,"U.S. Open - New York",1,"08/27/12 00:00:00",4,40,"USA",,,"http://www.usopen.org/",40.43,-74,,,,,,"Grand Slam",,,,
45,"Olympics - London",5,"07/30/12 00:00:00",2,,"GBR",,,"http://www.london2012.com/",51.3,-0.1,,,,,,"Olympic Tennis Event",,,,
46,"Australian Open - Melbourne",1,"01/14/13 00:00:00",4,41,"AUS",,,"http://www.australianopen.com/",-37.49,144.58,,,,,,"Grand Slam",,,,
47,"French Open - Paris",2,"05/27/13 00:00:00",4,42,"FRA",,,"http://www.rolandgarros.com/",48.52,2.2,,,,,,"Grand Slam",,,,
48,"Wimbledon - London",5,"06/24/13 00:00:00",4,43,"GBR",,,"http://www.wimbledon.org/",51.3,-0.1,,,,,,"Grand Slam",,,,
49,"U.S. Open - New York",1,"08/26/13 00:00:00",4,44,"USA",,,"http://www.usopen.org/",40.43,-74,,,,,,"Grand Slam",,,,
50,"Hopman Cup - Perth",1,"01/01/13 00:00:00",6,,"AUS",,,"http://www.hopmancup.com/",-31.57,115.51,,,,,,"Non ATP/WTA Event",,,,
51,"Hopman Cup - Perth",1,"01/01/14 00:00:00",6,50,"AUS",,,"http://www.hopmancup.com/",-31.57,115.51,,,,,,"Non ATP/WTA Event",,,,
52,"Australian Open - Melbourne",1,"01/13/14 00:00:00",4,46,"AUS",,,"http://www.australianopen.com/",-37.49,144.58,,,,,,"Grand Slam",,,,
53,"French Open - Paris",2,"05/26/14 00:00:00",4,47,"FRA",,,"http://www.rolandgarros.com/",48.52,2.2,,,,,,"Grand Slam",,,,
54,"Wimbledon - London",5,"06/23/14 00:00:00",4,48,"GBR",,,"http://www.wimbledon.org/",51.3,-0.1,,,,,,"Grand Slam",,,,
55,"U.S. Open - New York",1,"08/25/14 00:00:00",4,49,"USA",,,"http://www.usopen.org/",40.43,-74,,,,,,"Grand Slam",,,,
56,"Hopman Cup - Perth",3,"01/05/15 00:00:00",6,51,"AUS",,,"http://www.hopmancup.com/",-31.57,115.51,,,,,,"Non ATP/WTA Event",,,,
57,"Australian Open - Melbourne",1,"01/19/15 00:00:00",4,52,"AUS",,,"http://www.australianopen.com/",-37.49,144.58,,,,,,"Grand Slam",,,,
58,"French Open - Paris",2,"05/25/15 00:00:00",4,53,"FRA",,,"http://www.rolandgarros.com/",48.52,2.2,,,,,,"Grand Slam",,,,
59,"Wimbledon - London",5,"06/29/15 00:00:00",4,54,"GBR",,,"http://www.wimbledon.org/",51.3,-0.1,,,,,,"Grand Slam",,,,
60,"U.S. Open - New York",1,"08/31/15 00:00:00",4,55,"USA",,,"http://www.usopen.org/",40.43,-74,,,,,,"Grand Slam",,,,
61,"Hopman Cup - Perth",1,"01/04/16 00:00:00",6,56,"AUS",,,"http://www.hopmancup.com",-31.57,115.51,,,,,,"Non ATP/WTA Event",,,,
62,"Australian Open - Melbourne",1,"01/18/16 00:00:00",4,57,"AUS",,,"http://www.australianopen.com/",-37.49,144.58,,,,,,"Grand Slam",,,,
63,"French Open - Paris",2,"05/23/16 00:00:00",4,58,"FRA",,,"http://www.rolandgarros.com/",48.52,2.2,,,,,,"Grand Slam",,,,
64,"Wimbledon - London",5,"06/27/16 00:00:00",4,59,"GBR",,,"http://www.wimbledon.org/",51.3,-0.1,,,,,,"Grand Slam",,,,
65,"U.S. Open - New York",1,"08/29/16 00:00:00",4,60,"USA",,,"http://www.usopen.org/",40.43,-74,,,,,,"Grand Slam",,,,
66,"Olympics - Rio de Janeiro",1,"08/08/16 00:00:00",2,45,"BRA",,,,-22.54,-43.12,"1",,,,,"Olympic Tennis Event",,,,
67,"Hopman Cup - Perth",1,"01/02/17 00:00:00",6,61,"AUS",,,"http://www.hopmancup.com",-31.57,115.51,,,,,,"Non ATP/WTA Event",,,,
68,"Australian Open - Melbourne",1,"01/16/17 00:00:00",4,62,"AUS",,,"http://www.australianopen.com/",-37.49,144.58,,,,,,"Grand Slam",,,,
69,"French Open - Paris",2,"05/29/17 00:00:00",4,63,"FRA",,,"http://www.rolandgarros.com/",48.52,2.2,,,,,,"Grand Slam",,,,
70,"Wimbledon - London",5,"07/03/17 00:00:00",4,64,"GBR",,,"http://www.wimbledon.org/",51.3,-0.1,,,,,,"Grand Slam",,,,
71,"U.S. Open - New York",1,"08/28/17 00:00:00",4,65,"USA",,,"http://www.usopen.org/",40.43,-74,,,,,,"Grand Slam",,,,
72,"Hopman Cup - Perth",1,"01/01/18 00:00:00",6,67,"AUS",,,"http://www.hopmancup.com",-31.57,115.51,,,,,,"Non ATP/WTA Event",,,,
73,"Australian Open - Melbourne",1,"01/15/18 00:00:00",4,68,"AUS",,,"http://www.australianopen.com/",-37.49,144.58,,,,,,"Grand Slam",,,,
74,"French Open - Paris",2,"05/28/18 00:00:00",4,69,"FRA",,,"http://www.rolandgarros.com/",48.52,2.2,,,,,,"Grand Slam",,,,
75,"Wimbledon - London",5,"07/02/18 00:00:00",4,70,"GBR",,,"http://www.wimbledon.org/",51.3,-0.1,,,,,,"Grand Slam",,,,
76,"U.S. Open - New York",1,"08/27/18 00:00:00",4,71,"USA",,,"http://www.usopen.org/",40.43,-74,,,,,,"Grand Slam",,,,
77,"Hopman Cup - Perth",1,"01/01/19 00:00:00",6,72,"AUS",,,"http://www.hopmancup.com/",-31.57,115.51,,,,,,"Non ATP/WTA Event",,,,
78,"Australian Open - Melbourne",1,"01/14/19 00:00:00",4,73,"AUS",,,"http://www.australianopen.com/",-37.49,144.58,,,,,,"Grand Slam",,,,
79,"French Open - Paris",2,"05/27/19 00:00:00",4,74,"FRA",,,"http://www.rolandgarros.com/",48.52,2.2,,,,,,"Grand Slam",,,,
80,"Wimbledon - London",5,"07/01/19 00:00:00",4,75,"GBR",,,"http://www.wimbledon.org/",51.3,-0.1,,,,,,"Grand Slam",,,,
81,"U.S. Open - New York",1,"08/26/19 00:00:00",4,76,"USA",,,"http://www.usopen.org/",40.43,-74,,,,,,"Grand Slam",,,,
82,"Australian Open - Melbourne",1,"01/20/20 00:00:00",4,78,"AUS",,,"http://www.australianopen.com/",-37.49,144.58,,,,,,"Grand Slam",,,,
83,"Australian Open - Melbourne",1,"02/08/21 00:00:00",4,82,"AUS",,,"http://www.australianopen.com/",-37.49,144.58,,,,,,"Grand Slam",,,,
84,"French Open - Paris",2,"05/31/21 00:00:00",4,79,"FRA",,,"http://www.rolandgarros.com/",48.52,2.2,,,,,,"Grand Slam",,,,
85,"Wimbledon - London",5,"06/28/21 00:00:00",4,80,"GBR",,,"http://www.wimbledon.org/",51.3,-0.1,,,,,,"Grand Slam",,,,
86,"U.S. Open - New York",1,"08/30/21 00:00:00",4,81,"USA",,,"http://www.usopen.org/",40.43,-74,,,,,,"Grand Slam",,,,
87,"Olympics - Tokyo",1,"07/26/21 00:00:00",2,66,"JPN",,,,35.42,139.46,"1",,,,,"Olympic Tennis Event",,,,
88,"Australian Open - Melbourne",1,"01/17/22 00:00:00",4,83,"AUS",,,"https://www.australianopen.com/",-37.49,144.58,,,,,,"Grand Slam",,,,
89,"French Open - Paris",2,"05/23/22 00:00:00",4,84,"FRA",,,"https://www.rolandgarros.com/",48.52,2.2,,,,,,"Grand Slam",,,,
90,"Wimbledon - London",5,"06/27/22 00:00:00",4,85,"GBR",,,"https://www.wimbledon.org/",51.3,-0.1,,,,,,"Grand Slam",,,,
91,"U.S. Open - New York",1,"08/29/22 00:00:00",4,86,"USA",,,"https://www.usopen.org/",40.43,-74,,,,,,"Grand Slam",,,,
92,"Australian Open - Melbourne",1,"01/16/23 00:00:00",4,88,"AUS",,,"https://www.australianopen.com/",-37.49,144.58,,,,,,"Grand Slam",,,,
93,"French Open - Paris",2,"05/29/23 00:00:00",4,89,"FRA",,,"https://www.rolandgarros.com/",48.52,2.2,,,,,,"Grand Slam",,,,
94,"Wimbledon - London",5,"07/03/23 00:00:00",4,90,"GBR",,,"https://www.wimbledon.org/",51.3,-0.1,,,,,,"Grand Slam",,,,
95,"U.S. Open - New York",1,"08/28/23 00:00:00",4,91,"USA",,,"https://www.usopen.org/",40.43,-74,,,,,,"Grand Slam",,,,
96,"United Cup - Australia",1,"01/02/23 00:00:00",2,,"AUS","$15M",,,-33.52,151.13,,,,,,"United Cup",,,,
97,"Hopman Cup - Nice",2,"07/17/23 00:00:00",6,77,"FRA",,,"http://www.hopmancup.com/",43.42,7.15,,,,,,"Non ATP/WTA Event",,,,
98,"United Cup - Australia",1,"01/01/24 00:00:00",2,96,"AUS",,,,-33.52,151.13,,,,,,"United Cup",,,,
99,"Australian Open - Melbourne",1,"01/15/24 00:00:00",4,92,"AUS",,,"https://www.australianopen.com/",-37.49,144.58,,,,,,"Grand Slam",,,,
100,"French Open - Paris",2,"05/27/24 00:00:00",4,93,"FRA",,,"https://www.rolandgarros.com/",48.52,2.2,,,,,,"Grand Slam",,,,
101,"Wimbledon - London",5,"07/01/24 00:00:00",4,94,"GBR",,,"https://www.wimbledon.org/",51.3,-0.1,,,,,,"Grand Slam",,,,
102,"Olympics - Paris",2,"07/29/24 00:00:00",2,87,"FRA",,,,48.52,2.2,,,,,,"Olympic Tennis Event",,,,
103,"U.S. Open - New York",1,"08/26/24 00:00:00",4,95,"USA",,,"https://www.usopen.org/",40.43,-74,,,,,,"Grand Slam",,,,
104,"United Cup - Australia",1,"01/01/25 00:00:00",2,98,"AUS",,,,-33.52,151.13,,,,,,"United Cup",,,,
105,"Australian Open - Melbourne",1,"01/13/25 00:00:00",4,99,"AUS",,,"https://www.australianopen.com/",-37.49,144.58,,,,,,"Grand Slam",,,,
106,"French Open - Paris",2,"05/26/25 00:00:00",4,100,"FRA",,,"https://www.rolandgarros.com/",48.52,2.2,,,,,,"Grand Slam",,,,
107,"Wimbledon - London",5,"06/30/25 00:00:00",4,101,"GBR",,,"https://www.wimbledon.org/",51.3,-0.1,,,,,,"Grand Slam",,,,
108,"U.S. Open - New York",1,"08/25/25 00:00:00",4,103,"USA",,,"https://www.usopen.org/",40.43,-74,,,,,,"Grand Slam",,,,
