ID_P,NAME_P
1,"Michael Hill/Caroline Vis"
2,"Todd Woodbridge/Rennae Stubbs"
3,"Lucas Arnold-Ker/Anabel Medina Garrigues"
4,"David Rikl/Karina Habsudova"
5,"Pavel Vizner/Janette Husarova"
6,"Tom Vanhoudt/Roberta Vinci"
7,"Mike Bryan/Lisa Raymond"
8,"Martin Garcia/Virginia Ruano Pascual"
9,"Jeff Tarango/Rita Grande"
10,"Ellis Ferreira/Cara Black"
11,"Jiri Novak/Daja Bedanova"
12,"Scott Draper/Lisa Mcshea"
13,"Gaston Etlis/Paola Suarez"
14,"Andrew Kratzmann/Nicole Pratt"
15,"Leander Paes/Miriam Oremans"
16,"Donald Johnson/Els Callens"
17,"Kevin Ullyett/Daniela Hantuchova"
18,"David Adams/Nicole Arendt"
19,"Ben Ellwood/Evie Dominikovic"
20,"Cyril Suk/Tina Krizan"
21,"Bob Bryan/Katarina Srebotnik"
22,"Mark Knowles/Silvia Farina Elia"
23,"Martin Damm/Henrieta Nagyova"
24,"Jared Palmer/Arantxa Sanchez-Vicario"
25,"Rick Leach/Liezel Huber"
26,"Joshua Eagle/Barbara Schett"
27,"Petr Pala/Kveta Peschke"
28,"Todd Reid/Samantha Stosur"
29,"Sandon Stolle/Annabel Ellwood"
30,"Nathan Healey/Alicia Molik"
31,"Mahesh Bhupathi/Elena Likhovtseva"
32,"Brian MacPhie/Lori Mcneil"
33,"Nicolas Coutelot/Emilie Loit"
34,"Julien Varlet/Alexandra Fusai"
35,"Steven Capriati/Jennifer Capriati"
36,"Pavel Vizner/Roberta Vinci"
37,"Antony Dupuis/Tatiana Golovin"
38,"Sandon Stolle/Nicole Pratt"
39,"Leander Paes/Lisa Raymond"
40,"Lucas Arnold-Ker/Paola Suarez"
41,"Mark Knowles/Elena Bovina"
42,"Rick Leach/Tina Krizan"
43,"Brian MacPhie/Patricia Tarabini"
44,"Martin Damm/Iroda Tulyaganova"
45,"Wayne Black/Cara Black"
46,"Petr Pala/Barbara Rittner"
47,"Gaston Etlis/Virginia Ruano Pascual"
48,"Mike Bryan/Liezel Huber"
49,"Arnaud Clement/Camille Pin"
50,"Stephane Huet/Caroline Dhenin"
51,"Cyril Suk/Wynne Prakusya"
52,"Michael Llodra/Nathalie Dechy"
53,"Ellis Ferreira/Els Callens"
54,"Jeff Tarango/Sandrine Testud"
55,"Mansour Bahrami/Nathalie Tauziat"
56,"Donald Johnson/Kimberly Po-Messerli"
57,"Jared Palmer/Rennae Stubbs"
58,"Stephen Huss/Nana Smith"
59,"Andrew Florent/Francesca Schiavone"
60,"Byron Black/Cara Black"
61,"Andres Schneiter/Patricia Tarabini"
62,"Robbie Koenig/Els Callens"
63,"Mariano Hood/Adriana Serra Zanetti"
64,"David Rikl/Tathiana Garbin"
65,"Jim Thomas/Janet Lee"
66,"David Adams/Wynne Prakusya"
67,"Petr Luxa/Natalie Grandin"
68,"Johan Landsberg/Asa Svensson"
69,"David Sherwood/Lucie Ahl"
70,"Wayne Black/Irina Selyutina"
71,"Nicolas Lapentti/Iva Majoli"
72,"Chris Haggard/Catherine Barclay"
73,"Kyle Spencer/Lorna Woodroffe"
74,"Lee Childs/Elena Baltacha"
75,"Nenad Zimonjic/Dragana Zaric"
76,"Cyril Suk/Anastasia Rodionova"
77,"Daniel Orsanic/Maria Vento-Kabchi"
78,"Tomas Cibulec/Eva Martincova"
79,"Paul Haarhuis/Miriam Oremans"
80,"Daniel Vacek/Tatiana Poutchek"
81,"Karsten Braasch/Barbara Rittner"
82,"Jonas Bjorkman/Anna Kournikova"
83,"Marius Barnard/Kristie Boogert"
84,"Todd Woodbridge/Martina Navratilova"
85,"Jordan Kerr/Anouska Van Exel"
86,"Petr Pala/Daja Bedanova"
87,"Andrei Olhovskiy/Elena Tatarkova"
88,"Andrew Kratzmann/Trudi Musgrave"
89,"Martin Damm/Kveta Peschke"
90,"Lucas Arnold-Ker/Rosana De Los Rios"
91,"Thomas Shimada/Rika Fujiwara"
92,"Jeff Tarango/Natalia Zvereva"
93,"David Macpherson/Katie Schlukebir"
94,"Devin Bowen/Rika Hiraki"
95,"Sandon Stolle/Rachel Mcquillan"
96,"Leos Friedl/Tina Krizan"
97,"Rick Leach/Lisa Mcshea"
98,"Tom Vanhoudt/Alexandra Fusai"
99,"Nathan Healey/Abigail Spears"
100,"Todd Perry/Amanda Augustus"
101,"Barry Cowan/Victoria Davies"
102,"Brian MacPhie/Amanda Coetzer"
103,"Ota Fukarek/Janette Husarova"
104,"Martin Rodriguez/Samantha Reeves"
105,"John-Laffnie de Jager/Kim Grant"
106,"Simon Aspelin/Esme De Villiers"
107,"Aleksandar Kitinov/Maja Matevzic"
108,"Luis Lobo/Laura Montalvo"
109,"Leander Paes/Martina Navratilova"
110,"Michael Hill/Patricia Tarabini"
111,"Paul Hanley/Caroline Dhenin"
112,"Martin Garcia/Asa Svensson"
113,"Graydon Oliver/Jennifer Hopkins"
114,"Robert Kendrick/Meghann Shaughnessy"
115,"Gaston Etlis/Nicole Arendt"
116,"David Adams/Janet Lee"
117,"Amir Hadad/Petra Mandula"
118,"David Rikl/Janette Husarova"
119,"Jeff Tarango/Alexandra Stevenson"
120,"Jeff Morrison/Jessica Lehnhoff"
121,"Justin Gimelstob/Corina Morariu"
122,"Thomas Shimada/Catherine Barclay"
123,"Cyril Suk/Iroda Tulyaganova"
124,"Ellis Ferreira/Esme De Villiers"
125,"Jeff Coetzee/Kim Grant"
126,"Martin Rodriguez/Paola Suarez"
127,"Max Mirnyi/Janette Husarova"
128,"Cyril Suk/Emilie Loit"
129,"Thomas Shimada/Ai Sugiyama"
130,"Andres Schneiter/Virginia Ruano Pascual"
131,"Mark Knowles/Elena Likhovtseva"
132,"Jeff Coetzee/Svetlana Kuznetsova"
133,"Nathan Healey/Evie Dominikovic"
134,"Andrew Florent/Nicole Pratt"
135,"Mahesh Bhupathi/Iroda Tulyaganova"
136,"Brian MacPhie/Rika Fujiwara"
137,"Jared Palmer/Janet Lee"
138,"Jaymon Crabb/Bryanne Stewart"
139,"Alex Jr. Bogomolov/Anna Kournikova"
140,"Lucas Arnold-Ker/Patricia Tarabini"
141,"Martin Damm/Rita Grande"
142,"Gaston Etlis/Silvia Farina Elia"
143,"Donald Johnson/Rennae Stubbs"
144,"Peter Luczak/Christina Wheeler"
145,"Daniel Nestor/Kristie Boogert"
146,"David Rikl/Tina Krizan"
147,"Todd Woodbridge/Eleni Daniilidou"
148,"Sandon Stolle/Catherine Barclay"
149,"Todd Woodbridge/Paola Suarez"
150,"Michael Llodra/Camille Gely"
151,"Martin Damm/Denisa Chladkova"
152,"Martin Rodriguez/Nana Smith"
153,"Mark Knowles/Barbara Schett"
154,"Mansour Bahrami/Tatiana Golovin"
155,"Pavel Vizner/Liezel Huber"
156,"Jonas Bjorkman/Corina Morariu"
157,"Paul Hanley/Nicole Pratt"
158,"Joshua Eagle/Patricia Wartusch"
159,"Leos Friedl/Anna Smashnova"
160,"Tomas Cibulec/Janette Husarova"
161,"Gaston Etlis/Clarisa Fernandez"
162,"Jean-Francois Bachelot/Sophie Lefevre"
163,"Graydon Oliver/Petra Mandula"
164,"Frantisek Cermak/Tina Krizan"
165,"Jared Palmer/Svetlana Kuznetsova"
166,"Daniel Nestor/Janet Lee"
167,"Paul Haarhuis/Nadezda Petrova"
168,"Cyril Suk/Emmanuelle Gagliardi"
169,"Chris Haggard/Francesca Schiavone"
170,"Antony Dupuis/Virginie Razzano"
171,"Mahesh Bhupathi/Paola Suarez"
172,"Arvind Parmar/Anne Keothavong"
173,"Jared Palmer/Abigail Spears"
174,"Nenad Zimonjic/Iroda Tulyaganova"
175,"Mark Merklein/Lisa Mcshea"
176,"Mariano Hood/Tina Krizan"
177,"Jonathan Marray/Julie Pullin"
178,"Jordan Kerr/Milagros Sequera"
179,"Chris Haggard/Emmanuelle Gagliardi"
180,"Devin Bowen/Esme De Villiers"
181,"Jonathan Erlich/Jennifer Russell"
182,"Juan Ignacio Chela/Liga Dekmeijere"
183,"Bob Bryan/Elena Likhovtseva"
184,"Oliver Freelove/Helen Crook"
185,"Andy Ram/Anastasia Rodionova"
186,"Petr Pala/Janette Husarova"
187,"Andrei Olhovskiy/Eugenia Kulikovskaya"
188,"Cyril Suk/Maja Matevzic"
189,"Miles Maclagan/Amanda Keen"
190,"Scott Humphries/Elena Bovina"
191,"Anthony Ross/Amanda Augustus"
192,"Daniel Nestor/Sonya Jeyaseelan"
193,"Andres Schneiter/Maria Vento-Kabchi"
194,"Paul Hanley/Alicia Molik"
195,"John-Laffnie de Jager/Elena Tatarkova"
196,"James Auckland/Sarah Borwell"
197,"Martin Damm/Barbara Rittner"
198,"Johan Landsberg/Jelena Kostanic Tosic"
199,"Leos Friedl/Liezel Huber"
200,"Martin Lee/Jane O'Donoghue"
201,"Myles Wakefield/Natalie Grandin"
202,"Todd Woodbridge/Svetlana Kuznetsova"
203,"Brian MacPhie/Ashley Harkleroad"
204,"Jamie Delgado/Anastasia Myskina"
205,"Alex Lopez-Moron/Rosana De Los Rios"
206,"Simon Aspelin/Caroline Dhenin"
207,"Massimo Bertolini/Tathiana Garbin"
208,"Thomas Shimada/Shinobu Asagoe"
209,"Pavel Vizner/Nicole Pratt"
210,"Lovro Zovko/Vanessa Webb"
211,"Jeff Tarango/Lina Krasnoroutskaya"
212,"Rick Leach/Rachel Mcquillan"
213,"Gaston Etlis/Caroline Vis"
214,"Ashley Fisher/Catherine Barclay"
215,"Tom Vanhoudt/Kristie Boogert"
216,"David Rikl/Emmanuelle Gagliardi"
217,"Cyril Suk/Nana Smith"
218,"Nenad Zimonjic/Jelena Dokic"
219,"Leos Friedl/Janette Husarova"
220,"Jeff Tarango/Mashona Washington"
221,"Mark Knowles/Virginia Ruano Pascual"
222,"Brian Vahaly/Ansley Cargill"
223,"Rick Leach/Meghann Shaughnessy"
224,"Jonas Bjorkman/Chanda Rubin"
225,"Frantisek Cermak/Patricia Wartusch"
226,"Gaston Etlis/Els Callens"
227,"Daniel Nestor/Lina Krasnoroutskaya"
228,"Mariano Hood/Maria Vento-Kabchi"
229,"Jeff Coetzee/Anna Smashnova"
230,"Vince Spadea/Alexandra Stevenson"
231,"Joshua Eagle/Vera Zvonareva"
232,"Todd Woodbridge/Elena Likhovtseva"
233,"Chris Haggard/Eleni Daniilidou"
234,"Alex Jr. Bogomolov/Ashley Harkleroad"
235,"Brian MacPhie/Anastasia Myskina"
236,"Jared Palmer/Nana Smith"
237,"Jonathan Erlich/Liezel Huber"
238,"Jordan Kerr/Nicole Pratt"
239,"Chris Haggard/Emilie Loit"
240,"Lucas Arnold-Ker/Angelique Widjaja"
241,"Chris Guccione/Casey Dellacqua"
242,"Paul Hanley/Trudi Musgrave"
243,"Jonas Bjorkman/Daniela Hantuchova"
244,"Andrew Kratzmann/Daniella Jeflea"
245,"Sebastian Prieto/Emmanuelle Gagliardi"
246,"Martin Rodriguez/Rita Grande"
247,"Mark Merklein/Magui Serna"
248,"Sargis Sargsian/Elena Dementieva"
249,"Martin Damm/Corina Morariu"
250,"Kevin Ullyett/Lisa Raymond"
251,"Andy Ram/Petra Mandula"
252,"Cyril Suk/Myriam Casanova"
253,"Nenad Zimonjic/Elena Bovina"
254,"Jeff Coetzee/Tina Krizan"
255,"Sebastian Prieto/Els Callens"
256,"Pavel Vizner/Sandrine Testud"
257,"Tom Vanhoudt/Jelena Kostanic Tosic"
258,"Todd Woodbridge/Daniela Hantuchova"
259,"Massimo Bertolini/Anna Smashnova"
260,"Feliciano Lopez/Maria Sanchez Lorenzo"
261,"Petr Pala/Tian-Tian Sun"
262,"Michael Llodra/Severine Beltrame"
263,"Jordan Kerr/Lisa Mcshea"
264,"Kevin Ullyett/Rennae Stubbs"
265,"Gaston Etlis/Marion Bartoli"
266,"Jean-Francois Bachelot/Stephanie Cohen-Aloro"
267,"Martin Damm/Maret Ani"
268,"Daniel Nestor/Arantxa Sanchez-Vicario"
269,"Martin Rodriguez/Magui Serna"
270,"Richard Gasquet/Tatiana Golovin"
271,"Chris Haggard/Zi Yan"
272,"Michael Hill/Tathiana Garbin"
273,"Rick Leach/Nicole Pratt"
274,"Pavel Vizner/Lisa Mcshea"
275,"Todd Perry/Jelena Jankovic"
276,"Wayne Arthurs/Milagros Sequera"
277,"Karsten Braasch/Patty Schnyder"
278,"Rainer Schuettler/Barbara Schett"
279,"Irakli Labadze/Tatiana Perebiynis"
280,"Dominik Hrbaty/Henrieta Nagyova"
281,"Arvind Parmar/Jane O'Donoghue"
282,"Scott Humphries/Jennifer Capriati"
283,"Petr Pala/Elena Tatarkova"
284,"Marcin Matkowski/Mashona Washington"
285,"Juan Ignacio Chela/Gisela Dulko"
286,"Tomas Cibulec/Abigail Spears"
287,"Olivier Rochus/Meilen Tu"
288,"David Sherwood/Anne Keothavong"
289,"Yves Allegro/Myriam Casanova"
290,"Jonathan Marray/Amanda Keen"
291,"Martin Garcia/Claudine Schaul"
292,"David Rikl/Barbora Strycova"
293,"Martin Damm/Libuse Prusova"
294,"Michael Kohlmann/Patricia Wartusch"
295,"Cyril Suk/Marion Bartoli"
296,"Bob Bryan/Lindsay Davenport"
297,"Paul Hanley/Ai Sugiyama"
298,"Gaston Etlis/Tian-Tian Sun"
299,"Jonas Bjorkman/Rennae Stubbs"
300,"Todd Woodbridge/Alicia Molik"
301,"Daniel Nestor/Rennae Stubbs"
302,"Scott Lipsky/Laura Granville"
303,"Cyril Suk/Lisa Mcshea"
304,"Jonas Bjorkman/Asa Svensson"
305,"Sebastian Prieto/Conchita Martinez"
306,"Kevin Ullyett/Ai Sugiyama"
307,"Bob Bryan/Vera Zvonareva"
308,"Scott Humphries/Chanda Rubin"
309,"Glenn Weiner/Vania King"
310,"Gaston Etlis/Emmanuelle Gagliardi"
311,"Chris Haggard/Myriam Casanova"
312,"Jared Palmer/Virginia Ruano Pascual"
313,"Phillip Simmonds/Jewel Peterson"
314,"Nenad Zimonjic/Elena Likhovtseva"
315,"Julian Knowle/Barbara Schett"
316,"Rick Leach/Alexandra Stevenson"
317,"Donald Johnson/Corina Morariu"
318,"Todd Perry/Patty Schnyder"
319,"Mahesh Bhupathi/Lisa Raymond"
320,"Paul Hanley/Petra Mandula"
321,"Mark Knowles/Daniela Hantuchova"
322,"Martin Damm/Els Callens"
323,"Max Mirnyi/Maria Sharapova"
324,"Andy Ram/Anna Smashnova"
325,"Martin Rodriguez/Angelique Widjaja"
326,"Petr Pala/Roberta Vinci"
327,"Luke Bourgeois/Sophie Ferguson"
328,"Andy Ram/Conchita Martinez"
329,"Sebastian Prieto/Gisela Dulko"
330,"Gaston Etlis/Emilie Loit"
331,"Wayne Arthurs/Trudi Musgrave"
332,"Chris Haggard/Meilen Tu"
333,"Paul Hanley/Corina Morariu"
334,"Scott Draper/Samantha Stosur"
335,"Martin Rodriguez/Emmanuelle Gagliardi"
336,"Frantisek Cermak/Katarina Srebotnik"
337,"Simon Aspelin/Zi Yan"
338,"Yen-Hsun Lu/Nan-Nan Liu"
339,"Kevin Ullyett/Liezel Huber"
340,"Todd Perry/Milagros Sequera"
341,"Max Mirnyi/Martina Navratilova"
342,"Rick Leach/Virginia Ruano Pascual"
343,"Jonathan Erlich/Tian-Tian Sun"
344,"Peter Luczak/Jaslyn Hewitt"
345,"Fabrice Santoro/Daniela Hantuchova"
346,"Todd Perry/Bryanne Stewart"
347,"Frantisek Cermak/Conchita Martinez"
348,"Cyril Suk/Janette Husarova"
349,"Jonas Bjorkman/Anastasia Myskina"
350,"Gael Monfils/Alize Cornet"
351,"Jean-Francois Bachelot/Emilie Loit"
352,"Todd Woodbridge/Katarina Srebotnik"
353,"Julian Knowle/Anna-Lena Groenefeld"
354,"Jonathan Erlich/Virginia Ruano Pascual"
355,"Paul Hanley/Samantha Stosur"
356,"Leos Friedl/Elena Likhovtseva"
357,"Mark Knowles/Nicole Vaidisova"
358,"Marc Gicquel/Sandrine Testud"
359,"Lucas Arnold-Ker/Jelena Jankovic"
360,"Nicolas Devilder/Stephanie Foretz Gacon"
361,"Simon Aspelin/Dinara Safina"
362,"Gaston Etlis/Meghann Shaughnessy"
363,"Jared Palmer/Corina Morariu"
364,"Nenad Zimonjic/Ana Ivanovic"
365,"Max Mirnyi/Ai Sugiyama"
366,"Mariano Hood/Gisela Dulko"
367,"Andrei Pavel/Andreea Ehritt-Vanc"
368,"Graydon Oliver/Maria Kirilenko"
369,"Petr Pala/Gabriela Chmelinova"
370,"Paul Hanley/Tatiana Perebiynis"
371,"Robbie Koenig/Silvija Talaja"
372,"Simon Aspelin/Sania Mirza"
373,"Gaston Etlis/Lisa Mcshea"
374,"Michael Kohlmann/Anastasia Myskina"
375,"Cyril Suk/Jelena Jankovic"
376,"Jim Thomas/Jennifer Russell"
377,"Travis Parrott/Amy Frazier"
378,"Richard Barker/Claire Curran"
379,"Lucas Arnold-Ker/Emmanuelle Gagliardi"
380,"Andy Murray/Shahar Peer"
381,"Jaroslav Levinsky/Anna Chakvetadze"
382,"Martin Rodriguez/Alina Jidkova"
383,"Brian MacPhie/Abigail Spears"
384,"Jordan Kerr/Evgenia Linetskaya"
385,"Jonathan Erlich/Bryanne Stewart"
386,"Jamie Delgado/Amanda Keen"
387,"Alex Lopez-Moron/Anabel Medina Garrigues"
388,"Yves Allegro/Magdalena Maleeva"
389,"Todd Perry/Els Callens"
390,"Justin Gimelstob/Tina Krizan"
391,"Ashley Fisher/Jelena Kostanic Tosic"
392,"Jiri Novak/Tathiana Garbin"
393,"Martin Garcia/Mara Santangelo"
394,"Sebastian Prieto/Maria Vento-Kabchi"
395,"Mahesh Bhupathi/Mary Pierce"
396,"David Sherwood/Elena Baltacha"
397,"Bob Bryan/Rennae Stubbs"
398,"Dominik Hrbaty/Elena Likhovtseva"
399,"Mike Bryan/Martina Navratilova"
400,"Todd Woodbridge/Samantha Stosur"
401,"Nenad Zimonjic/Katarina Srebotnik"
402,"Jonas Bjorkman/Lisa Raymond"
403,"Mark Knowles/Venus Williams"
404,"Olivier Rochus/Kim Clijsters"
405,"Andy Ram/Dinara Safina"
406,"Todd Perry/Alicia Molik"
407,"Pavel Vizner/Jelena Jankovic"
408,"Daniel Nestor/Elena Likhovtseva"
409,"Justin Gimelstob/Meghann Shaughnessy"
410,"Stephen Huss/Virginia Ruano Pascual"
411,"Kevin Kim/Lilia Osterloh"
412,"Fabrice Santoro/Tatiana Golovin"
413,"Martin Rodriguez/Maria-Emilia Salerni"
414,"Gaston Etlis/Anabel Medina Garrigues"
415,"Rick Leach/Laura Granville"
416,"Mahesh Bhupathi/Daniela Hantuchova"
417,"Simon Aspelin/Tian-Tian Sun"
418,"Amer Delic/Shenay Perry"
419,"Mike Bryan/Corina Morariu"
420,"Jeff Morrison/Jill Craybas"
421,"Frantisek Cermak/Anna-Lena Groenefeld"
422,"Cyril Suk/Nicole Pratt"
423,"Mariano Hood/Tathiana Garbin"
424,"Leander Paes/Nathalie Dechy"
425,"Kevin Ullyett/Cara Black"
426,"Simon Aspelin/Meghann Shaughnessy"
427,"Sebastian Prieto/Virginia Ruano Pascual"
428,"Marc Kimmich/Lisa Mcshea"
429,"Andy Ram/Liezel Huber"
430,"Stephen Huss/Sania Mirza"
431,"Leos Friedl/Lucie Safarova"
432,"Peter Luczak/Casey Dellacqua"
433,"Novak Djokovic/Ana Ivanovic"
434,"Igor Andreev/Maria Kirilenko"
435,"Julian Knowle/Jelena Jankovic"
436,"Jim Thomas/Bryanne Stewart"
437,"Nathan Healey/Trudi Musgrave"
438,"Mark Knowles/Paola Suarez"
439,"Martin Damm/Anna Chakvetadze"
440,"Todd Perry/Rennae Stubbs"
441,"Jonathan Erlich/Shahar Peer"
442,"Wayne Arthurs/Ai Sugiyama"
443,"Carlos Moya/Flavia Pennetta"
444,"Mahesh Bhupathi/Martina Hingis"
445,"Jimmy Wang/Na Li"
446,"Jurgen Melzer/Anastasia Myskina"
447,"Marcin Matkowski/Bryanne Stewart"
448,"Fabrice Santoro/Amelie Mauresmo"
449,"Leander Paes/Maria Kirilenko"
450,"Mike Bryan/Meghann Shaughnessy"
451,"Marc Gicquel/Severine Beltrame"
452,"Michael Llodra/Stephanie Foretz Gacon"
453,"Stephen Huss/Sofia Arvidsson"
454,"Bob Bryan/Martina Navratilova"
455,"Paul Hanley/Sania Mirza"
456,"Mariusz Fyrstenberg/Catalina Castano"
457,"Fernando Gonzalez/Gisela Dulko"
458,"Marcos Baghdatis/Pauline Parmentier"
459,"Max Mirnyi/Jie Zheng"
460,"Julian Knowle/Anna Chakvetadze"
461,"Andy Ram/Vera Zvonareva"
462,"Jeremy Chardy/Alize Cornet"
463,"James Auckland/Claire Curran"
464,"Lucas Arnold-Ker/Francesca Schiavone"
465,"Andy Murray/Kirsten Flipkens"
466,"Robert Lindstedt/Sofia Arvidsson"
467,"Marcin Matkowski/Marta Domachowska"
468,"Lukas Dlouhy/Eva Birnerova"
469,"Wayne Arthurs/Alicia Molik"
470,"David Skoch/Andreea Ehritt-Vanc"
471,"Mariusz Fyrstenberg/Jill Craybas"
472,"Jim Thomas/Anastasia Rodionova"
473,"Rogier Wassen/Michaella Krajicek"
474,"Travis Parrott/Shuai Peng"
475,"Jordan Kerr/Bryanne Stewart"
476,"Bob Bryan/Venus Williams"
477,"Jeff Coetzee/Ai Sugiyama"
478,"Sebastian Prieto/Flavia Pennetta"
479,"Cyril Suk/Helena Sukova"
480,"Graydon Oliver/Meilen Tu"
481,"Ashley Fisher/Nicole Pratt"
482,"Michal Mertinak/Martina Sucha"
483,"Pavel Vizner/Sania Mirza"
484,"Fernando Verdasco/Anabel Medina Garrigues"
485,"Wesley Moodie/Vera Dushevina"
486,"Petr Pala/Catalina Castano"
487,"Stephen Huss/Bethanie Mattek-Sands"
488,"Mark Knowles/Martina Navratilova"
489,"Mahesh Bhupathi/Zi Yan"
490,"Jonathan Erlich/Dinara Safina"
491,"Leander Paes/Samantha Stosur"
492,"Kevin Ullyett/Shahar Peer"
493,"Lukas Dlouhy/Michaella Krajicek"
494,"Sebastian Prieto/Anabel Medina Garrigues"
495,"Scoville Jenkins/Jill Craybas"
496,"Max Mirnyi/Victoria Azarenka"
497,"Fabrice Santoro/Nathalie Dechy"
498,"Donald Young/Ashley Weinhold"
499,"Jesse Levine/Jamea Jackson"
500,"Simon Aspelin/Cara Black"
501,"Jim Thomas/Francesca Schiavone"
502,"Vince Spadea/Vania King"
503,"Cyril Suk/Na Li"
504,"Todd Perry/Zi Yan"
505,"Julian Knowle/Tian-Tian Sun"
506,"Rogier Wassen/Andreea Ehritt-Vanc"
507,"Kevin Ullyett/Anastasia Rodionova"
508,"Mark Knowles/Rennae Stubbs"
509,"Bob Bryan/Lisa Raymond"
510,"Nenad Zimonjic/Jelena Jankovic"
511,"Marcin Matkowski/Cara Black"
512,"Jonas Bjorkman/Francesca Schiavone"
513,"Mariusz Fyrstenberg/Mara Santangelo"
514,"Martin Damm/Meghann Shaughnessy"
515,"Stephen Huss/Monique Adamczak"
516,"Leos Friedl/Tathiana Garbin"
517,"Yves Allegro/Elena Bovina"
518,"Simon Aspelin/Paola Suarez"
519,"Nathan Healey/Bryanne Stewart"
520,"Lukas Dlouhy/Iveta Benesova"
521,"Fabrice Santoro/Sania Mirza"
522,"Gael Monfils/Caroline Wozniacki"
523,"Simon Aspelin/Mara Santangelo"
524,"Jurgen Melzer/Eleni Daniilidou"
525,"Frantisek Cermak/Vania King"
526,"Todd Perry/Chia-Jung Chuang"
527,"Alexandre Sidorenko/Emilie Loit"
528,"Paul Hanley/Tathiana Garbin"
529,"Mark Knowles/Zi Yan"
530,"Ashley Fisher/Rennae Stubbs"
531,"Leander Paes/Meghann Shaughnessy"
532,"Mike Bryan/Latisha Chan"
533,"Marcin Matkowski/Sybille Bammer"
534,"Michael Llodra/Camille Pin"
535,"Jonathan Eysseric/Alize Cornet"
536,"Jordan Kerr/Anastasia Rodionova"
537,"Andy Ram/Nathalie Dechy"
538,"Jeff Coetzee/Cara Black"
539,"Florent Serra/Aurelie Vedy"
540,"Jonathan Erlich/Elena Vesnina"
541,"Jim Thomas/Ai Sugiyama"
542,"Alex Bogdanovic/Melanie South"
543,"Benjamin Becker/Anna-Lena Groenefeld"
544,"Jeff Coetzee/Jelena Kostanic Tosic"
545,"Ashley Fisher/Bryanne Stewart"
546,"Tripp Phillips/Vladimira Uhlirova"
547,"Jamie Murray/Jelena Jankovic"
548,"Richard Bloomfield/Sarah Borwell"
549,"Jarkko Nieminen/Emma Laine"
550,"Mariusz Fyrstenberg/Agnieszka Radwanska"
551,"Mahesh Bhupathi/Sania Mirza"
552,"David Skoch/Janette Husarova"
553,"Lukasz Kubot/Sybille Bammer"
554,"Yves Allegro/Eleni Daniilidou"
555,"Frantisek Cermak/Roberta Vinci"
556,"Marcelo Melo/Tamira Paszek"
557,"Martin Damm/Michaella Krajicek"
558,"Leos Friedl/Rennae Stubbs"
559,"Eric Butorac/Corina Morariu"
560,"Jordan Kerr/Kateryna Bondarenko"
561,"Jim Thomas/Meilen Tu"
562,"Jaroslav Levinsky/Renata Voracova"
563,"Christopher Kas/Martina Muller"
564,"Lee Childs/Katie O'Brien"
565,"Fabrice Santoro/Severine Beltrame"
566,"Jamie Delgado/Anne Keothavong"
567,"Martin Garcia/Paola Suarez"
568,"Nenad Zimonjic/Flavia Pennetta"
569,"Rogier Wassen/Latisha Chan"
570,"Jonas Bjorkman/Alicia Molik"
571,"Pavel Vizner/Kveta Peschke"
572,"Bob Bryan/Samantha Stosur"
573,"Nenad Zimonjic/Lisa Raymond"
574,"Scoville Jenkins/Alexa Glatch"
575,"Bob Bryan/Tatiana Golovin"
576,"Amer Delic/Corina Morariu"
577,"Simon Aspelin/Vladimira Uhlirova"
578,"Ryan Sweeting/Ashley Weinhold"
579,"Jonathan Erlich/Chia-Jung Chuang"
580,"Frantisek Cermak/Sybille Bammer"
581,"Kevin Ullyett/Paola Suarez"
582,"Bobby Reynolds/Jill Craybas"
583,"Jamie Murray/Liezel Huber"
584,"Paul Hanley/Mara Santangelo"
585,"Justin Gimelstob/Ashley Harkleroad"
586,"Ashley Fisher/Martina Muller"
587,"Mike Bryan/Alicia Molik"
588,"Fabrice Santoro/Meilen Tu"
589,"Paul Hanley/Cara Black"
590,"Jordan Kerr/Bethanie Mattek-Sands"
591,"Greg Jones/Jessica Moore"
592,"Martin Garcia/Anabel Medina Garrigues"
593,"Nenad Zimonjic/Tian-Tian Sun"
594,"Kevin Ullyett/Vania King"
595,"Jeff Coetzee/Vladimira Uhlirova"
596,"Marcin Matkowski/Meilen Tu"
597,"Leander Paes/Agnes Szavay"
598,"David Skoch/Renata Voracova"
599,"Samuel Groth/Jarmila Wolfe"
600,"Adam Feeney/Sophie Ferguson"
601,"Mariusz Fyrstenberg/Janette Husarova"
602,"Rogier Wassen/Virginie Razzano"
603,"Eric Butorac/Latisha Chan"
604,"Daniel Nestor/Jie Zheng"
605,"Brydan Klein/Isabella Holland"
606,"Frantisek Cermak/Galina Voskoboeva"
607,"Petr Frelich/Zuzana Ondraskova"
608,"Simon Aspelin/Lisa Raymond"
609,"Oliver Marach/Sybille Bammer"
610,"Jeff Coetzee/Elena Vesnina"
611,"Gael Monfils/Dominika Cibulkova"
612,"Marcelo Melo/Alize Cornet"
613,"Max Mirnyi/Tian-Tian Sun"
614,"David Martin/Olga Govortsova"
615,"Wesley Moodie/Shuai Peng"
616,"Mahesh Bhupathi/Jie Zheng"
617,"Leander Paes/Nadezda Petrova"
618,"Julian Knowle/Tatiana Poutchek"
619,"Marcin Matkowski/Caroline Wozniacki"
620,"Mariusz Fyrstenberg/Vladimira Uhlirova"
621,"Thierry Ascione/Pauline Parmentier"
622,"Bob Bryan/Victoria Azarenka"
623,"Robert Lindstedt/Rennae Stubbs"
624,"Andre Sa/Janette Husarova"
625,"Kevin Ullyett/Bethanie Mattek-Sands"
626,"Edouard Roger-Vasselin/Stephanie Foretz"
627,"Gilles Simon/Camille Pin"
628,"Frantisek Cermak/Iveta Benesova"
629,"Bruno Soares/Maria-Jose Martinez Sanchez"
630,"Agustin Calleri/Kaia Kanepi"
631,"Frantisek Cermak/Lucie Hradecka"
632,"Dusan Vemic/Flavia Pennetta"
633,"Sanchai Ratiwatana/Nuria Llagostera Vives"
634,"David Skoch/Iveta Benesova"
635,"James Auckland/Elena Baltacha"
636,"Rohan Bopanna/Tatiana Poutchek"
637,"Igor Kunitsyn/Elena Vesnina"
638,"Sonchat Ratiwatana/Alisa Kleybanova"
639,"Lukas Dlouhy/Nicole Vaidisova"
640,"Scott Lipsky/Casey Dellacqua"
641,"Fernando Verdasco/Marta Domachowska"
642,"Jamie Delgado/Katie O'Brien"
643,"Eric Butorac/Bethanie Mattek-Sands"
644,"Yves Allegro/Agnes Szavay"
645,"Ross Hutchins/Anne Keothavong"
646,"Todd Perry/Mara Santangelo"
647,"Dmitry Tursunov/Nadezda Petrova"
648,"David Martin/Vania King"
649,"Max Mirnyi/Olga Govortsova"
650,"Robert Lindstedt/Anastasia Rodionova"
651,"Wesley Moodie/Jill Craybas"
652,"Mike Bryan/Katarina Srebotnik"
653,"Martin Damm/Shuai Peng"
654,"Leander Paes/Rennae Stubbs"
655,"Julian Knowle/Latisha Chan"
656,"Daniel Nestor/Chia-Jung Chuang"
657,"Robert Kendrick/Sloane Stephens"
658,"Martin Damm/Vladimira Uhlirova"
659,"Kaes Van't Hof/Riza Zalameda"
660,"Paul Hanley/Shahar Peer"
661,"Leander Paes/Cara Black"
662,"Donald Young/Melanie Oudin"
663,"Jordan Kerr/Casey Dellacqua"
664,"Jonas Bjorkman/Nadezda Petrova"
665,"Max Mirnyi/Anna Chakvetadze"
666,"Mahesh Bhupathi/Samantha Stosur"
667,"Scott Lipsky/Alexa Glatch"
668,"Mariusz Fyrstenberg/Elena Vesnina"
669,"Jeff Coetzee/Janette Husarova"
670,"Marcelo Melo/Lisa Raymond"
671,"Lukas Dlouhy/Shuai Peng"
672,"Eric Butorac/Jill Craybas"
673,"Jurgen Melzer/Dominika Cibulkova"
729,"Eric Butorac/Yaroslava Shvedova"
730,"Johan Brunstrom/Vera Dushevina"
731,"Paul Hanley/Anastasia Rodionova"
732,"Filip Polasek/Andrea Hlavackova"
733,"Travis Parrott/Kateryna Bondarenko"
734,"James Cerretani/Sybille Bammer"
735,"Dick Norman/Liga Dekmeijere"
736,"Fabrice Santoro/Anabel Medina Garrigues"
737,"Lucas Arnold-Ker/Gisela Dulko"
738,"Joshua Goodall/Naomi Cavaday"
739,"Kevin Ullyett/Su-Wei Hsieh"
740,"Mike Bryan/Bethanie Mattek-Sands"
741,"Marcelo Melo/Shuai Peng"
742,"Mahesh Bhupathi/Liezel Huber"
743,"Devin Britton/Mallory Cecil"
744,"Nenad Zimonjic/Bethanie Mattek-Sands"
745,"Scoville Jenkins/Shenay Perry"
746,"Jeff Coetzee/Raquel Atawo"
747,"Simon Aspelin/Alize Cornet"
748,"Daniel Nestor/Sania Mirza"
749,"Ashley Fisher/Akgul Amanmuradova"
750,"Travis Parrott/Carly Gullickson"
751,"Rajeev Ram/Melanie Oudin"
752,"Andre Sa/Maria-Jose Martinez Sanchez"
753,"Mariusz Fyrstenberg/Zi Yan"
754,"Travis Rettenmaier/Angela Haynes"
755,"Robert Kendrick/Abigail Spears"
756,"Oliver Marach/Janette Husarova"
757,"Michal Mertinak/Kaia Kanepi"
758,"Carsten Ball/Sophie Ferguson"
759,"Rik de Voest/Akgul Amanmuradova"
760,"Bernard Tomic/Carly Gullickson"
761,"Christopher Kas/Anna-Lena Groenefeld"
762,"Peter Luczak/Sally Peers"
763,"Andy Ram/Elena Vesnina"
764,"Matthew Ebden/Alicia Molik"
765,"Bob Bryan/Bethanie Mattek-Sands"
766,"Bruno Soares/Su-Wei Hsieh"
767,"Filip Polasek/Chia-Jung Chuang"
768,"Ross Hutchins/Liezel Huber"
769,"Wesley Moodie/Lisa Raymond"
770,"Max Mirnyi/Alisa Kleybanova"
771,"Oliver Marach/Barbora Strycova"
772,"Travis Parrott/Rennae Stubbs"
773,"Marcelo Melo/Flavia Pennetta"
774,"Julian Knowle/Monica Niculescu"
775,"Michal Mertinak/Nuria Llagostera Vives"
776,"Dick Norman/Raquel Atawo"
777,"Nenad Zimonjic/Maria Kirilenko"
778,"Jaroslav Levinsky/Ekaterina Makarova"
779,"Marcin Matkowski/Kveta Peschke"
780,"Daniel Nestor/Daniela Hantuchova"
781,"Andre Sa/Anabel Medina Garrigues"
782,"Michael Llodra/Aurelie Vedy"
783,"Alexandre Sidorenko/Kristina Mladenovic"
784,"Sebastien de Chaunac/Mathilde Johansson"
785,"Marc Lopez/Anabel Medina Garrigues"
786,"Oliver Marach/Nuria Llagostera Vives"
787,"Dick Norman/Virginie Razzano"
788,"Horia Tecau/Ekaterina Makarova"
789,"Ross Hutchins/Anastasia Pavlyuchenkova"
790,"Christopher Kas/Vania King"
791,"Aisam Qureshi/Akgul Amanmuradova"
792,"Michal Mertinak/Andrea Hlavackova"
793,"Michael Kohlmann/Monica Niculescu"
794,"Marcin Matkowski/Tathiana Garbin"
795,"Mark Knowles/Bethanie Mattek-Sands"
796,"Julian Knowle/Yaroslava Shvedova"
797,"Frantisek Cermak/Barbora Strycova"
798,"Daniel Nestor/Patty Schnyder"
799,"Xavier Malisse/Kim Clijsters"
800,"Horia Tecau/Monica Niculescu"
801,"Tommy Robredo/Marie-Eve Pelletier"
802,"Aisam Qureshi/Alla Kudryavtseva"
803,"Philipp Marx/Andrea Petkovic"
804,"Eric Butorac/Olga Govortsova"
805,"Rohan Bopanna/Anastasia Rodionova"
806,"Michael Kohlmann/Julia Goerges"
807,"Santiago Gonzalez/Klaudia Jans-Ignacik"
808,"Leos Friedl/Lucie Hradecka"
809,"Andre Sa/Vera Zvonareva"
810,"Jamie Murray/Laura Robson"
811,"Jonathan Marray/Anna Smith"
812,"Dick Norman/Yanina Wickmayer"
813,"Dmitry Tursunov/Vera Dushevina"
814,"Jean-Julien Rojer/Anastasia Pavlyuchenkova"
815,"Ken Skupski/Elena Baltacha"
816,"David Marrero/Alexandra Dulgheru"
817,"Johan Brunstrom/Timea Bacsinszky"
818,"Nenad Zimonjic/Samantha Stosur"
819,"Marcelo Melo/Rennae Stubbs"
820,"Daniel Nestor/Bethanie Mattek-Sands"
821,"Robert Lindstedt/Ekaterina Makarova"
822,"Mark Knowles/Katarina Srebotnik"
823,"Paul Hanley/Latisha Chan"
824,"Igor Zelenay/Alicja Rosolska"
825,"Ryan Harrison/Melanie Oudin"
826,"Marcin Matkowski/Olga Govortsova"
827,"Oliver Marach/Timea Bacsinszky"
828,"Jack Sock/Beatrice Capra"
829,"Rajeev Ram/Aravane Rezai"
830,"Rohan Bopanna/Zi Yan"
831,"Scott Lipsky/Abigail Spears"
832,"Dick Norman/Rennae Stubbs"
833,"Aisam Qureshi/Kveta Peschke"
834,"Horia Tecau/Vania King"
835,"Michael Russell/Jill Craybas"
836,"Pablo Cuevas/Gisela Dulko"
837,"Mariusz Fyrstenberg/Andrea Petkovic"
838,"Sam Querrey/Nicole Gibbs"
839,"Robert Lindstedt/Kaia Kanepi"
840,"Mark Knowles/Elena Vesnina"
841,"Carsten Ball/Sally Peers"
842,"Eric Butorac/Monica Niculescu"
843,"Marinko Matosevic/Sophie Ferguson"
844,"Matthew Ebden/Olivia Rogowska"
845,"Horia Tecau/Bethanie Mattek-Sands"
846,"Michael Kohlmann/Alexandra Dulgheru"
847,"Dick Norman/Chia-Jung Chuang"
848,"Peter Luczak/Alicia Molik"
849,"Bernard Tomic/Mirjana Lucic-Baroni"
850,"Chris Guccione/Rennae Stubbs"
851,"Andy Ram/Meghann Shaughnessy"
852,"Philipp Petzschner/Sofia Arvidsson"
853,"Jamie Murray/Alicja Rosolska"
854,"David Marrero/Sara Errani"
855,"Mahesh Bhupathi/Anastasia Rodionova"
856,"Nicolas Almagro/Anabel Medina Garrigues"
857,"Daniel Nestor/Katarina Srebotnik"
858,"Marc Lopez/Roberta Vinci"
859,"Marcin Matkowski/Chia-Jung Chuang"
860,"Rohan Bopanna/Sania Mirza"
861,"Leander Paes/Iveta Benesova"
862,"Grigor Dimitrov/Aravane Rezai"
863,"Max Mirnyi/Elena Vesnina"
864,"Mariusz Fyrstenberg/Su-Wei Hsieh"
865,"Jamie Murray/Nadezda Petrova"
866,"Jean-Julien Rojer/Alla Kudryavtseva"
867,"Bruno Soares/Ekaterina Makarova"
868,"Oliver Marach/Lisa Raymond"
869,"Sergiy Stakhovsky/Petra Kvitova"
870,"Frantisek Cermak/Klara Zakopalova"
871,"Thomaz Bellucci/Jarmila Wolfe"
872,"Gilles Simon/Alize Cornet"
873,"Michal Mertinak/Vladimira Uhlirova"
874,"Wesley Moodie/Liezel Huber"
875,"Horia Tecau/Barbora Strycova"
876,"Potito Starace/Flavia Pennetta"
877,"Mark Knowles/Anastasia Rodionova"
878,"Daniel Nestor/Vania King"
879,"Feliciano Lopez/Andrea Petkovic"
880,"Jean-Julien Rojer/Abigail Spears"
881,"Andreas Seppi/Alberta Brianti"
882,"Jonathan Marray/Anne Keothavong"
883,"Rajeev Ram/Alexandra Dulgheru"
884,"Santiago Gonzalez/Rebecca Marino"
885,"Ross Hutchins/Heather Watson"
886,"Rogier Wassen/Alicja Rosolska"
887,"Wesley Moodie/Raquel Atawo"
888,"Jamie Delgado/Melanie South"
889,"Carlos Berlocq/Maria Kondratieva"
890,"Ashley Fisher/Natalie Grandin"
674,"Andre Sa/Kateryna Bondarenko"
675,"Christopher Kas/Tatiana Poutchek"
676,"Fernando Verdasco/Jelena Jankovic"
677,"Nenad Zimonjic/Anna-Lena Groenefeld"
678,"Wesley Moodie/Patty Schnyder"
679,"Bruno Soares/Alisa Kleybanova"
680,"Christopher Kas/Chia-Jung Chuang"
681,"Kevin Ullyett/Galina Voskoboeva"
682,"Tommy Robredo/Anabel Medina Garrigues"
683,"Martin Damm/Elena Vesnina"
684,"Chris Guccione/Sophie Ferguson"
685,"Frantisek Cermak/Rennae Stubbs"
686,"Robert Lindstedt/Shahar Peer"
687,"Andre Sa/Alona Bondarenko"
688,"Jeff Coetzee/Francesca Schiavone"
689,"Marcin Matkowski/Lisa Raymond"
690,"Stephen Huss/Anastasia Rodionova"
691,"Carsten Ball/Jessica Moore"
692,"Daniel Nestor/Aleksandra Wozniak"
693,"Bernard Tomic/Monika Wejnert"
694,"Max Mirnyi/Nadezda Petrova"
695,"Bob Bryan/Liezel Huber"
696,"Frantisek Cermak/Kveta Peschke"
697,"Marc Gicquel/Pauline Parmentier"
698,"Leos Friedl/Vladimira Uhlirova"
699,"Andre Sa/Ai Sugiyama"
700,"Josselin Ouanna/Aurelie Vedy"
701,"Ross Hutchins/Rennae Stubbs"
702,"Mark Knowles/Anna-Lena Groenefeld"
703,"Rik de Voest/Anastasia Rodionova"
704,"Jordan Kerr/Yaroslava Shvedova"
705,"Nenad Zimonjic/Zi Yan"
706,"Daniel Nestor/Elena Vesnina"
707,"Thierry Ascione/Stephanie Cohen-Aloro"
708,"Ashley Fisher/Su-Wei Hsieh"
709,"Eric Butorac/Raquel Atawo"
710,"Marcelo Melo/Vania King"
711,"Robert Lindstedt/Severine Beltrame"
712,"Nicolas Mahut/Julie Coin"
713,"Filip Polasek/Dominika Cibulkova"
714,"Jeff Coetzee/Virginie Razzano"
715,"Michal Mertinak/Mara Santangelo"
716,"Wesley Moodie/Vladimira Uhlirova"
717,"Colin Fleming/Sarah Borwell"
718,"Ken Skupski/Katie O'Brien"
719,"Ashley Fisher/Abigail Spears"
720,"Andrei Pavel/Monica Niculescu"
721,"Jordan Kerr/Vania King"
722,"Jean-Julien Rojer/Galina Voskoboeva"
723,"Jeff Coetzee/Jill Craybas"
724,"Andy Ram/Anna Chakvetadze"
725,"Rogier Wassen/Tamarine Tanasugarn"
726,"Philipp Petzschner/Barbora Strycova"
727,"Scott Lipsky/Ekaterina Makarova"
728,"Rik de Voest/Raquel Atawo"
891,"Marcin Matkowski/Klaudia Jans-Ignacik"
892,"Igor Zelenay/Vladimira Uhlirova"
893,"Colin Fleming/Jocelyn Rae"
894,"Marc Lopez/Arantxa Parra-Santonja"
895,"Mike Bryan/Samantha Stosur"
896,"Alexander Waske/Jasmin Woehr"
897,"Jamie Murray/Jarmila Wolfe"
898,"Eduardo Schwank/Alla Kudryavtseva"
899,"Dustin Brown/Vania King"
900,"Paul Hanley/Su-Wei Hsieh"
901,"Juan-Sebastian Cabal/Polona Hercog"
902,"David Marrero/Andrea Hlavackova"
903,"Jurgen Melzer/Iveta Melzer"
904,"Mark Knowles/Nadezda Petrova"
905,"Daniel Nestor/Latisha Chan"
906,"Dick Norman/Lisa Raymond"
907,"Mahesh Bhupathi/Elena Vesnina"
908,"Martin Damm/Renata Voracova"
909,"Max Mirnyi/Yaroslava Shvedova"
910,"Christopher Kas/Anastasia Rodionova"
911,"Jack Sock/Melanie Oudin"
912,"Filip Polasek/Vladimira Uhlirova"
913,"David Martin/Christina Fusano"
914,"Rohan Bopanna/Vania King"
915,"Jean-Julien Rojer/Natalie Grandin"
916,"Donald Young/Taylor Townsend"
917,"Mariusz Fyrstenberg/Latisha Chan"
918,"Leander Paes/Elena Vesnina"
919,"Eduardo Schwank/Gisela Dulko"
920,"Eric Butorac/Coco Vandeweghe"
921,"Michael Russell/Mashona Washington"
922,"Scott Lipsky/Lisa Raymond"
923,"Daniele Bracciali/Flavia Pennetta"
924,"Bruno Soares/Jarmila Wolfe"
925,"Alexander Peya/Tamira Paszek"
926,"Rajeev Ram/Raquel Atawo"
927,"Travis Parrott/Abigail Spears"
928,"Steve Johnson/Irina Falconi"
929,"Horia Tecau/Andrea Hlavackova"
930,"Daniele Bracciali/Roberta Vinci"
931,"Mike Bryan/Kveta Peschke"
932,"Kei Nishikori/Kimiko Date-Krumm"
933,"Bernard Tomic/Jelena Jankovic"
934,"Benjamin Mitchell/Ashleigh Barty"
935,"Aisam Qureshi/Andrea Hlavackova"
936,"Paul Hanley/Jelena Dokic"
937,"Rohan Bopanna/Lisa Raymond"
938,"Alexander Peya/Galina Voskoboeva"
939,"Matthew Ebden/Casey Dellacqua"
940,"Marinko Matosevic/Olivia Rogowska"
941,"Marcin Matkowski/Su-Wei Hsieh"
942,"Marcelo Melo/Nadezda Petrova"
943,"Max Mirnyi/Anastasia Pavlyuchenkova"
944,"Scott Lipsky/Vladimira Uhlirova"
945,"Colin Fleming/Liezel Huber"
946,"Andy Ram/Yaroslava Shvedova"
947,"Mariusz Fyrstenberg/Abigail Spears"
948,"Jamie Murray/Shuai Peng"
949,"Max Mirnyi/Liezel Huber"
950,"Juan-Sebastian Cabal/Vera Dushevina"
951,"Alexander Peya/Alicja Rosolska"
952,"Marc Gicquel/Mathilde Johansson"
953,"Paul Hanley/Natalie Grandin"
954,"Filip Polasek/Alla Kudryavtseva"
955,"Marcin Matkowski/Anna-Lena Groenefeld"
956,"Daniel Nestor/Nadezda Petrova"
957,"Daniele Bracciali/Galina Voskoboeva"
958,"Bob Bryan/Serena Williams"
959,"Michael Llodra/Amandine Hesse"
960,"Nicolas Devilder/Virginie Razzano"
961,"David Marrero/Yaroslava Shvedova"
962,"Benoit Paire/Pauline Parmentier"
963,"Johan Brunstrom/Andreja Klepac"
964,"Jean-Julien Rojer/Klaudia Jans-Ignacik"
965,"Julian Knowle/Tamira Paszek"
966,"Marc Lopez/Janette Husarova"
967,"Mikhail Elgin/Galina Voskoboeva"
968,"Santiago Gonzalez/Shuai Zhang"
969,"Ashley Fisher/Mona Barthel"
970,"Dick Norman/Alicja Rosolska"
971,"Mikhail Kukushkin/Yaroslava Shvedova"
972,"Kevin Anderson/Chanelle Scheepers"
973,"Paul Hanley/Alla Kudryavtseva"
974,"Colin Fleming/Su-Wei Hsieh"
975,"Andre Sa/Anastasia Rodionova"
976,"Dominic Inglot/Laura Robson"
977,"Scott Lipsky/Natalie Grandin"
978,"Ken Skupski/Melanie South"
979,"Eric Butorac/Varvara Lepchenko"
980,"Filip Polasek/Daniela Hantuchova"
981,"Philipp Petzschner/Angelique Kerber"
982,"Frank Moser/Vladimira Uhlirova"
983,"Marcelo Melo/Vera Zvonareva"
984,"Treat Conrad Huey/Raquel Atawo"
985,"Mark Knowles/Ekaterina Makarova"
986,"Robert Farah/Monica Niculescu"
987,"Andy Ram/Kveta Peschke"
988,"James Cerretani/Petra Martic"
989,"Daniel Nestor/Julia Goerges"
990,"Fabio Fognini/Sara Errani"
991,"David Marrero/Nuria Llagostera Vives"
992,"Rohan Bopanna/Jie Zheng"
993,"Alexander Peya/Anna-Lena Groenefeld"
994,"Bradley Klahn/Grace Min"
995,"Rajeev Ram/Sloane Stephens"
996,"Brian Battistone/Nicole Melichar"
997,"Mahesh Bhupathi/Andrea Hlavackova"
998,"Mitchell Krueger/Samantha Crawford"
999,"Aisam Qureshi/Su-Wei Hsieh"
1000,"Filip Polasek/Barbora Strycova"
1001,"Colin Fleming/Sania Mirza"
1002,"Eric Butorac/Andrea Petkovic"
1003,"Donald Young/Varvara Lepchenko"
1004,"Jonathan Marray/Vladimira Uhlirova"
1005,"Mariusz Fyrstenberg/Klaudia Jans-Ignacik"
1006,"Robert Lindstedt/Daniela Hantuchova"
1007,"Jean-Julien Rojer/Anastasia Rodionova"
1008,"Bob Bryan/Kim Clijsters"
1009,"Leander Paes/Sania Mirza"
1010,"Andreas Seppi/Sara Errani"
1011,"Juan Martin Del Potro/Gisela Dulko"
1012,"Mikhail Youzhny/Elena Vesnina"
1013,"Andy Murray/Laura Robson"
1014,"Radek Stepanek/Lucie Hradecka"
1015,"Lleyton Hewitt/Samantha Stosur"
1016,"Marcin Matkowski/Agnieszka Radwanska"
1017,"Christopher Kas/Sabine Lisicki"
3699,"Unknown Player/Unknown Player"
1018,"Bernard Tomic/Ashleigh Barty"
1019,"Andreas Seppi/Francesca Schiavone"
1021,"Tommy Haas/Andrea Petkovic"
1022,"Jo-Wilfried Tsonga/Mathilde Johansson"
1025,"John Isner/Venus Williams"
1026,"Tommy Haas/Tatjana Maria"
1027,"Thanasi Kokkinakis/Venus Williams"
1028,"Thanasi Kokkinakis/Tatjana Maria"
3716,"Chris Guccione/Bojana Bobusic"
3701,"Bruno Soares/Anabel Medina Garrigues"
3702,"Jack Sock/Ashleigh Barty"
3703,"Rohan Bopanna/Su-Wei Hsieh"
3704,"Martin Klizan/Yanina Wickmayer"
3705,"Robert Lindstedt/Anna-Lena Groenefeld"
3706,"Bob Bryan/Sania Mirza"
3707,"Luke Saville/Samantha Stosur"
3708,"John-Patrick Smith/Casey Dellacqua"
3709,"Daniele Bracciali/Andrea Hlavackova"
3710,"Denis Istomin/Yaroslava Shvedova"
3711,"Juan-Sebastian Cabal/Maria-Jose Martinez Sanchez"
3712,"Mahesh Bhupathi/Nadezda Petrova"
3713,"Frederik Nielsen/Sabine Lisicki"
3714,"Matthew Ebden/Jarmila Wolfe"
3715,"Aisam Qureshi/Sofia Arvidsson"
3717,"Santiago Gonzalez/Zi Yan"
3718,"Andre Sa/Vladimira Uhlirova"
3719,"Fabio Fognini/Daniela Hantuchova"
3720,"Rajeev Ram/Natalie Grandin"
3721,"Robert Lindstedt/Sania Mirza"
3722,"Aisam Qureshi/Cara Black"
3723,"David Marrero/Sorana Cirstea"
3724,"Frederik Nielsen/Su-Wei Hsieh"
3725,"Juan-Sebastian Cabal/Nadezda Petrova"
3726,"Alexander Peya/Mandy Minella"
3727,"Santiago Gonzalez/Anastasia Rodionova"
3728,"Mahesh Bhupathi/Casey Dellacqua"
3729,"Marc Gicquel/Caroline Garcia"
3730,"Jonathan Marray/Heather Watson"
3731,"Jeremy Chardy/Alize Lim"
3732,"Julian Knowle/Shuai Zhang"
3733,"Daniel Nestor/Kristina Mladenovic"
3734,"Marcelo Melo/Liezel Huber"
3735,"Benoit Paire/Severine Beltrame"
3736,"Leander Paes/Jelena Jankovic"
3737,"Lukas Dlouhy/Andrea Hlavackova"
3738,"Bruno Soares/Lisa Raymond"
3739,"Horia Tecau/Anna-Lena Groenefeld"
3740,"Colin Fleming/Kirsten Flipkens"
3741,"Rohan Bopanna/Ashleigh Barty"
3742,"Jean-Julien Rojer/Daniela Hantuchova"
3743,"Filip Polasek/Natalie Grandin"
3745,"Colin Fleming/Laura Robson"
3746,"Filip Polasek/Janette Husarova"
3747,"Kyle Edmund/Eugenie Bouchard"
3748,"Frederik Nielsen/Sofia Arvidsson"
3749,"Ivan Dodig/Marina Erakovic"
3750,"John Peers/Ashleigh Barty"
3751,"Rajeev Ram/Francesca Schiavone"
3752,"Raven Klaasen/Anastasia Rodionova"
3753,"Max Mirnyi/Andrea Hlavackova"
3754,"Jean-Julien Rojer/Vera Dushevina"
3755,"Jamie Murray/Su-Wei Hsieh"
3756,"Robin Haase/Alicja Rosolska"
3757,"David Marrero/Kimiko Date-Krumm"
3758,"Johan Brunstrom/Katalin Marosi"
3759,"Paul Hanley/Hao-Ching Chan"
3760,"Robert Farah/Darija Jurak Schreiber"
3761,"Nicholas Monroe/Marion Bartoli"
3762,"Santiago Gonzalez/Natalie Grandin"
3763,"Andy Ram/Abigail Spears"
3764,"Fabio Fognini/Flavia Pennetta"
3765,"Jamie Delgado/Tara Moore"
3766,"James Blake/Donna Vekic"
3767,"Lukas Dlouhy/Lucie Safarova"
3768,"Dominic Inglot/Johanna Konta"
3769,"Nicolas Almagro/Maria-Teresa Torro-Flor"
3770,"Mark Knowles/Sabine Lisicki"
3771,"Leander Paes/Saisai Zheng"
3772,"Eric Butorac/Alize Cornet"
3773,"Martin Emmrich/Julia Goerges"
3774,"Juan-Sebastian Cabal/Bojana Jovanovski"
3775,"Horia Tecau/Sania Mirza"
3776,"James Cerretani/Mona Barthel"
3777,"Jaroslav Levinsky/Liga Dekmeijere"
3778,"Colin Fleming/Nuria Llagostera Vives"
3779,"Lukas Dlouhy/Saisai Zheng"
3780,"Austin Krajicek/Melanie Oudin"
3781,"Rohan Bopanna/Julia Goerges"
3782,"Santiago Gonzalez/Abigail Spears"
3783,"Jarmere Jenkins/Sabrina Santamaria"
3784,"Edouard Roger-Vasselin/Alize Cornet"
3785,"Donald Young/Victoria Duval"
3786,"Dennis Novikov/Kaitlyn Christian"
3787,"Robert Lindstedt/Latisha Chan"
3788,"Eric Roberson/Yasmin Schnack"
3789,"Mariusz Fyrstenberg/Anastasia Rodionova"
3790,"Jean-Julien Rojer/Lisa Raymond"
3791,"Eric Butorac/Megan Moulton-Levy"
3792,"Jack Sock/Sloane Stephens"
3793,"Martin Emmrich/Hao-Ching Chan"
3794,"Bernard Tomic/Samantha Stosur"
3795,"Milos Raonic/Eugenie Bouchard"
3796,"Oliver Anderson/Flavia Pennetta"
3797,"Grzegorz Panfil/Agnieszka Radwanska"
3798,"Radek Stepanek/Petra Kvitova"
3799,"Jo-Wilfried Tsonga/Alize Cornet"
3800,"John Isner/Sloane Stephens"
3801,"Daniel Munoz-De La Nava/Anabel Medina Garrigues"
3802,"Andreas Seppi/Flavia Pennetta"
3803,"Andreas Seppi/Bojana Bobusic"
3804,"Samuel Groth/Eugenie Bouchard"
3805,"Scott Lipsky/Jie Zheng"
3806,"Dominic Inglot/Abigail Spears"
3807,"Jamie Murray/Cara Black"
3808,"Mariusz Fyrstenberg/Lisa Raymond"
3809,"Raven Klaasen/Su-Wei Hsieh"
3810,"James Duckworth/Ajla Tomljanovic"
3811,"Leander Paes/Daniela Hantuchova"
3812,"David Marrero/Arantxa Parra-Santonja"
3813,"Robert Lindstedt/Hao-Ching Chan"
3814,"Nenad Zimonjic/Svetlana Kuznetsova"
3815,"Colin Fleming/Anastasia Rodionova"
3816,"Thanasi Kokkinakis/Donna Vekic"
3817,"Aisam Qureshi/Julia Goerges"
3818,"Ross Hutchins/Casey Dellacqua"
3819,"Nick Kyrgios/Arina Rodionova"
3820,"Chris Guccione/Storm Hunter"
3821,"John-Patrick Smith/Olivia Rogowska"
3822,"Rohan Bopanna/Katarina Srebotnik"
3823,"Martin Emmrich/Lucie Hradecka"
3824,"Johan Brunstrom/Alicja Rosolska"
3825,"Alexander Peya/Abigail Spears"
3827,"Santiago Gonzalez/Arantxa Parra-Santonja"
3828,"John Peers/Lisa Raymond"
3829,"Jean-Julien Rojer/Anna-Lena Groenefeld"
3830,"Mariusz Fyrstenberg/Lucie Hradecka"
3831,"Bruno Soares/Yaroslava Shvedova"
3832,"Jamie Murray/Casey Dellacqua"
3833,"Adrian Mannarino/Mathilde Johansson"
3834,"Raven Klaasen/Raquel Atawo"
3835,"Max Mirnyi/Hao-Ching Chan"
3836,"David Marrero/Anabel Medina Garrigues"
3844,"Nicholas Monroe/Megan Moulton-Levy"
3837,"Dominic Inglot/Klaudia Jans-Ignacik"
3838,"Eric Butorac/Timea Babos"
3839,"Nenad Zimonjic/Julia Goerges"
3840,"Juan-Sebastian Cabal/Liezel Huber"
3841,"Robert Farah/Cara Black"
3842,"Treat Conrad Huey/Alla Kudryavtseva"
3843,"Marc Lopez/Andrea Hlavackova"
3846,"Henri Kontinen/Alla Kudryavtseva"
3847,"Chris Guccione/Oksana Kalashnikova"
3848,"Tomasz Bednarek/Vania King"
3849,"Divij Sharan/Shuko Aoyama"
3850,"Rohan Bopanna/Barbora Strycova"
3851,"Daniele Bracciali/Karin Knapp"
3852,"Mate Pavic/Bojana Jovanovski"
3853,"Jurgen Melzer/Anabel Medina Garrigues"
3854,"Lukas Rosol/Klara Koukalova"
3855,"Martin Klizan/Belinda Bencic"
3856,"James Ward/Anna Smith"
3857,"Nicholas Monroe/Shuai Zhang"
3858,"Bruno Soares/Martina Hingis"
3859,"Jaroslav Levinsky/Janette Husarova"
3860,"Dmitry Tursunov/Megan Moulton-Levy"
3861,"Treat Conrad Huey/Lisa Raymond"
3862,"Lukas Dlouhy/Liezel Huber"
3863,"Rohan Bopanna/Andrea Hlavackova"
3864,"Mikhail Elgin/Anastasia Rodionova"
3865,"Scott Lipsky/Raquel Atawo"
3866,"Martin Emmrich/Michaella Krajicek"
3867,"Santiago Gonzalez/Latisha Chan"
3868,"Philipp Oswald/Yvonne Meusburger"
3869,"Andre Begemann/Olga Savchuk"
3870,"Florin Mergea/Elina Svitolina"
3871,"Neal Skupski/Naomi Broady"
3872,"Aisam Qureshi/Vera Dushevina"
3873,"Oliver Marach/Karolina Pliskova"
3874,"Raven Klaasen/Marina Erakovic"
3875,"Bob Bryan/Kveta Peschke"
3876,"Michael Venus/Alicja Rosolska"
3877,"Jesse Huta Galung/Andreja Klepac"
3878,"Andre Sa/Renata Voracova"
3879,"Bruno Soares/Sania Mirza"
3880,"Ernesto Escobedo/Tornado Alicia Black"
3881,"Raven Klaasen/Anabel Medina Garrigues"
3882,"Marin Draganja/Michaella Krajicek"
3883,"Nicholas Monroe/Lauren Davis"
3884,"Ross Hutchins/Latisha Chan"
3885,"Treat Conrad Huey/Alize Cornet"
3886,"Robert Lindstedt/Martina Hingis"
3887,"Stefan Kozlov/Christina Mchale"
3888,"Robert Farah/Anastasia Rodionova"
3889,"Bradley Klahn/Shelby Rogers"
3890,"Horia Tecau/Lucie Hradecka"
3891,"Taylor Harry Fritz/Asia Muhammad"
3892,"Joel Kielbowicz/Jacqueline Cako"
3893,"Alexander Peya/Andrea Hlavackova"
3894,"Jaroslav Levinsky/Klara Koukalova"
3895,"Vasek Pospisil/Eugenie Bouchard"
3896,"Adam Pavlasek/Lucie Safarova"
3897,"John Isner/Serena Williams"
3899,"Benoit Paire/Alize Cornet"
3900,"Andy Murray/Heather Watson"
3901,"Jerzy Janowicz/Agnieszka Radwanska"
3902,"Benjamin Mitchell/Casey Dellacqua"
3903,"Marinko Matosevic/Casey Dellacqua"
3904,"Benjamin Mitchell/Flavia Pennetta"
3905,"Max Mirnyi/Arina Rodionova"
3906,"Chris Guccione/Andreja Klepac"
3907,"John Peers/Casey Dellacqua"
3908,"Rohan Bopanna/Barbora Zahlavova Strycova"
3909,"Raven Klaasen/Elina Svitolina"
3910,"Florin Mergea/Michaella Krajicek"
3911,"Robert Lindstedt/Lisa Raymond"
3912,"Marin Draganja/Latisha Chan"
3913,"Juan-Sebastian Cabal/Cara Black"
3914,"Leander Paes/Martina Hingis"
3915,"Sam Thompson/Masa Jovanovic"
3916,"Pablo Andujar/Anabel Medina Garrigues"
3917,"Ivan Dodig/Darija Jurak Schreiber"
3918,"Mahesh Bhupathi/Jarmila Wolfe"
3919,"Jamie Murray/Hao-Ching Chan"
3920,"Scott Lipsky/Raquel Kops-Jones"
3921,"Nenad Zimonjic/Yaroslava Shvedova"
3922,"Pablo Cuevas/Su-Wei Hsieh"
3923,"Ze Zhang/Kai-Chen Chang"
3924,"Luke Saville/Daria Saville"
3926,"Marcelo Melo/Katarina Srebotnik"
3927,"Marin Draganja/Hao-Ching Chan"
3928,"John Peers/Latisha Chan"
3929,"Henri Kontinen/Jie Zheng"
3930,"Maxime Hamou/Clothilde De Bernardi"
3931,"Bob Bryan/Caroline Garcia"
3932,"Nenad Zimonjic/Elena Vesnina"
3933,"Marcin Matkowski/Lucie Hradecka"
3934,"Rohan Bopanna/Yaroslava Shvedova"
3935,"Alexander Peya/Timea Babos"
3936,"Juan-Sebastian Cabal/Alla Kudryavtseva"
3938,"Horia Tecau/Katarina Srebotnik"
3939,"Robert Farah/Raquel Atawo"
3940,"Ivo Karlovic/Anastasia Pavlyuchenkova"
3941,"Robert Lindstedt/Maria-Jose Martinez Sanchez"
3942,"Benoit Paire/Chloe Paquet"
3943,"Aisam Qureshi/Anastasia Rodionova"
3944,"Jamie Murray/Elina Svitolina"
3945,"Max Mirnyi/Eugenie Bouchard"
3946,"Rajeev Ram/Andreja Klepac"
3947,"Raven Klaasen/Alicja Rosolska"
3948,"Mahesh Bhupathi/Alla Kudryavtseva"
3949,"Nicholas Monroe/Madison Brengle"
3950,"Andre Sa/Lara Arruabarrena"
3951,"Lleyton Hewitt/Casey Dellacqua"
3952,"Ken Skupski/Johanna Konta"
3953,"Marcin Matkowski/Elena Vesnina"
3954,"Neal Skupski/Lisa Raymond"
4049,"Aisam Qureshi/Olga Savchuk"
3955,"Ivan Dodig/Ajla Tomljanovic"
3956,"Jurgen Melzer/Barbora Strycova"
3957,"Nick Kyrgios/Madison Keys"
3958,"Lukasz Kubot/Andrea Hlavackova"
3959,"Artem Sitak/Anastasia Rodionova"
3960,"Adil Shamasdin/Gabriela Dabrowski"
3961,"Eric Butorac/Katalin Marosi"
3962,"Rohan Bopanna/Maria-Jose Martinez Sanchez"
3963,"Scott Lipsky/Hao-Ching Chan"
3964,"Sergiy Stakhovsky/Alicja Rosolska"
3965,"Robert Lindstedt/Anabel Medina Garrigues"
3966,"Nenad Zimonjic/Jarmila Wolfe"
3967,"Philipp Oswald/Belinda Bencic"
3968,"Dominic Inglot/Elina Svitolina"
3969,"Max Mirnyi/Heather Watson"
3970,"Pablo Cuevas/Flavia Pennetta"
3971,"Marin Draganja/Ana Konjuh"
3972,"Rajeev Ram/Arina Rodionova"
3973,"Andre Begemann/Janette Husarova"
3974,"Michael Venus/Raluca Olaru"
3975,"Oliver Marach/Olga Savchuk"
3977,"Mitchell Krueger/Jennifer Brady"
3978,"Andrei Daescu/Anda Perianu"
3979,"Max Mirnyi/Anastasia Rodionova"
3980,"Dominic Inglot/Katarina Srebotnik"
3981,"Sam Querrey/Bethanie Mattek-Sands"
3982,"John Peers/Daria Saville"
3983,"Florin Mergea/Alexandra Dulgheru"
3984,"Robert Farah/Andreja Klepac"
3985,"Juan-Sebastian Cabal/Yaroslava Shvedova"
3986,"Christian Harrison/Victoria Duval"
3987,"Horia Tecau/Simona Halep"
3988,"Nick Kyrgios/Eugenie Bouchard"
3989,"Artem Sitak/Elina Svitolina"
3990,"Taylor Harry Fritz/Claire Liu"
3991,"Jean-Julien Rojer/Michaella Krajicek"
3992,"Francis Tiafoe/Sachia Vickery"
3993,"Eric Butorac/Lauren Davis"
3994,"Henri Kontinen/Su-Wei Hsieh"
3995,"Alexander Peya/Alla Kudryavtseva"
3996,"Fernando Verdasco/Belinda Bencic"
3997,"Rohan Bopanna/Latisha Chan"
3998,"Jamie Murray/Lisa Raymond"
4006,"Ivan Dodig/Sania Mirza"
4007,"Nick Kyrgios/Ajla Tomljanovic"
4008,"Aisam Qureshi/Yaroslava Shvedova"
4009,"Dominic Inglot/Anastasia Pavlyuchenkova"
4005,"Alexander Zverev/Sabine Lisicki"
4001,"Alexandr Dolgopolov/Elina Svitolina"
4002,"Jack Sock/Victoria Duval"
4000,"Jiri Vesely/Karolina Pliskova"
4004,"Kenny de Schepper/Caroline Garcia"
3999,"Lleyton Hewitt/Jarmila Wolfe"
4003,"Nick Kyrgios/Daria Saville"
4010,"Jean-Julien Rojer/Sloane Stephens"
4011,"Jamie Murray/Katarina Srebotnik"
4012,"Chris Guccione/Anastasia Rodionova"
4013,"Robert Farah/Anna-Lena Groenefeld"
4014,"Juan-Sebastian Cabal/Anabel Medina Garrigues"
4015,"Benjamin Mitchell/Maddison Inglis"
4016,"Alexander Peya/Su-Wei Hsieh"
4017,"Hyeon Chung/Saisai Zheng"
4018,"Bruno Soares/Elena Vesnina"
4020,"Robert Lindstedt/Alla Kudryavtseva"
4021,"Treat Conrad Huey/Andreja Klepac"
4022,"David Marrero/Lara Arruabarrena"
4023,"John Millman/Kimberly Birrell"
4024,"Horia Tecau/Coco Vandeweghe"
4025,"Jo-Wilfried Tsonga/Kristina Mladenovic"
4026,"Matt Reid/Arina Rodionova"
4027,"John Peers/Samantha Stosur"
4028,"Marc Polmans/Jessica Moore"
4029,"Nicolas Mahut/Tatjana Maria"
4030,"Rohan Bopanna/Alla Kudryavtseva"
4031,"Alexander Peya/Katarina Srebotnik"
4032,"Fabrice Martin/Galina Voskoboeva"
4033,"Scott Lipsky/Anabel Medina Garrigues"
4034,"Edouard Roger-Vasselin/Andrea Hlavackova"
4035,"Florin Mergea/Yaroslava Shvedova"
4036,"Jean-Julien Rojer/Oksana Kalashnikova"
4038,"Bob Bryan/Coco Vandeweghe"
4039,"Vincent Millot/Virginie Razzano"
4040,"Julien Benneteau/Pauline Parmentier"
4041,"Marin Draganja/Yi-Fan Xu"
4042,"Paul-Henri Mathieu/Alize Lim"
4043,"Mate Pavic/Arantxa Parra-Santonja"
4045,"Max Mirnyi/Latisha Chan"
4046,"Daniel Nestor/Johanna Konta"
4047,"Tristan Lamasine/Mathilde Johansson"
4044,"Pierre-Hugues Herbert/Kristina Mladenovic"
4048,"Henri Kontinen/Chia-Jung Chuang"
4145,"Neal Skupski/Anna Smith"
4146,"Maximo Gonzalez/Raluca Olaru"
4147,"Marcin Matkowski/Katarina Srebotnik"
4148,"Ken Skupski/Tara Moore"
4149,"Michael Venus/Maria Irigoyen"
4150,"Nicholas Monroe/Gabriela Dabrowski"
4151,"Liam Broady/Naomi Broady"
4152,"Fabrice Martin/Olga Savchuk"
4153,"Chris Guccione/Elina Svitolina"
4154,"Alexander Peya/Andreja Klepac"
4155,"Andreas Siljestrom/Yafan Wang"
4156,"Andre Sa/Barbora Krejcikova"
4157,"Jean-Julien Rojer/Kiki Bertens"
4158,"Dustin Brown/Madison Brengle"
4159,"Oliver Marach/Jelena Ostapenko"
4160,"Dmitry Tursunov/Andrea Petkovic"
4161,"Jiri Vesely/Katerina Siniakova"
4162,"Radek Stepanek/Lucie Safarova"
4163,"Treat Huey/Alicja Rosolska"
4164,"Johan Brunstrom/Belinda Bencic"
4165,"Juan-Sebastian Cabal/Mariana Duque-Marino"
4166,"Mate Pavic/Darija Jurak Schreiber"
4167,"Nenad Zimonjic/Latisha Chan"
4168,"David Marrero/Maria-Jose Martinez Sanchez"
4169,"Matwe Middelkoop/Oksana Kalashnikova"
4170,"Scott Lipsky/Alla Kudryavtseva"
4171,"Guillermo Duran/Chen Liang"
4172,"Florin Mergea/Tamira Paszek"
4173,"Artem Sitak/Laura Siegemund"
4174,"Henri Kontinen/Heather Watson"
4175,"Denis Kudla/Louisa Chirico"
4176,"Marcelo Demoliner/Nicole Melichar"
4177,"Nicolas Mahut/Caroline Garcia"
4178,"Marcelo Melo/Teliana Pereira"
4179,"Jack Sock/Bethanie Mattek-Sands"
4180,"Jamie Murray/Johanna Konta"
4181,"Rafael Nadal/Garbine Muguruza"
4182,"Lukasz Kubot/Agnieszka Radwanska"
4183,"Horia Tecau/Irina-Camelia Begu"
4184,"Florin Mergea/Monica Niculescu"
4185,"David Ferrer/Carla Suarez Navarro"
4186,"Rajeev Ram/Venus Williams"
4187,"Fabio Fognini/Roberta Vinci"
4188,"Marin Draganja/Barbora Krejcikova"
4189,"Juan-Sebastian Cabal/Anastasia Rodionova"
4190,"Rajeev Ram/Coco Vandeweghe"
4191,"Jean-Julien Rojer/Raquel Atawo"
4192,"Dominic Inglot/Michaella Krajicek"
4193,"Noah Rubin/Jamie Loeb"
4194,"Rohan Bopanna/Gabriela Dabrowski"
4195,"Fabrice Martin/Darija Jurak Schreiber"
4196,"Henri Kontinen/Katarina Srebotnik"
4197,"Dennis Novikov/Nicole Gibbs"
4198,"Ryan Harrison/Christina Mchale"
4199,"Mate Pavic/Laura Siegemund"
4200,"Mitchell Krueger/Melanie Oudin"
4201,"Evan King/Emina Bektas"
4202,"Aisam Qureshi/Yifan Xu"
4203,"Robert Lindstedt/Olga Savchuk"
4204,"Richard Gasquet/Kristina Mladenovic"
4205,"Alexander Zverev/Andrea Petkovic"
4206,"Daniel Evans/Heather Watson"
4207,"Roger Federer/Belinda Bencic"
4208,"Adam Pavlasek/Lucie Hradecka"
4209,"Feliciano Lopez/Lara Arruabarrena"
4210,"Jack Sock/Coco Vandeweghe"
4211,"Matthew Ebden/Daria Saville"
4212,"John-Patrick Smith/Arina Rodionova"
4213,"Fabrice Martin/Yifan Xu"
4214,"Marcin Matkowski/Liezel Huber"
4215,"Pablo Cuevas/Maria-Jose Martinez Sanchez"
4216,"Bruno Soares/Katerina Siniakova"
4217,"Robert Lindstedt/Raquel Atawo"
4218,"Raven Klaasen/Michaella Krajicek"
4219,"Aisam Qureshi/Vania King"
4220,"Juan-Sebastian Cabal/Abigail Spears"
4221,"Rajeev Ram/Barbora Krejcikova"
4222,"Matt Reid/Casey Dellacqua"
4223,"Marc Polmans/Destanee Aiava"
4224,"Samuel Groth/Samantha Stosur"
4225,"Nicolas Mahut/Pauline Parmentier"
4226,"Jean-Julien Rojer/Darija Jurak Schreiber"
4227,"Lukasz Kubot/Latisha Chan"
4228,"Michael Venus/Katarina Srebotnik"
4229,"Alexander Peya/Saisai Zheng"
4230,"John Peers/Sally Peers"
4263,"Nikola Mektic/Anastasia Rodionova"
4264,"Brian Baker/Christina McHale"
4265,"Max Mirnyi/Coco Vandeweghe"
4266,"Alexander Peya/Yaroslava Shvedova"
4267,"Raven Klaasen/Katarina Srebotnik"
4268,"Steve Johnson/Bethanie Mattek-Sands"
4269,"Rajeev Ram/Casey Dellacqua"
4270,"Daniel Nestor/Alla Kudryavtseva"
4271,"Jean-Julien Rojer/Hao-Ching Chan"
4272,"Bruno Soares/Jelena Ostapenko"
4273,"Dominic Inglot/Andreja Klepac"
4274,"Mathias Bourgue/Pauline Parmentier"
4275,"Nicholas Monroe/Barbora Krejcikova"
4276,"Matt Reid/Jessica Moore"
4277,"Geoffrey Blancaneaux/Myrtille Georges"
4278,"Marcelo Demoliner/Maria-Jose Martinez Sanchez"
4279,"Jamie Murray/Martina Hingis"
4281,"Joe Salisbury/Katy Dunne"
4282,"Steve Darcis/Elise Mertens"
4283,"Roman Jebavy/Lucie Hradecka"
4284,"Max Mirnyi/Ekaterina Makarova"
4285,"Andres Molteni/Xenia Knoll"
4286,"Philipp Petzschner/Kirsten Flipkens"
4287,"Divij Sharan/Zhaoxuan Yang"
4288,"Ken Skupski/Jocelyn Rae"
4289,"John Peers/Sabine Lisicki"
4290,"John-Patrick Smith/Sloane Stephens"
4291,"Nicholas Monroe/Asia Muhammad"
4292,"Artem Sitak/Olga Savchuk"
4293,"Mate Pavic/Lyudmyla Kichenok"
4294,"Marcus Daniell/Darija Jurak Schreiber"
4295,"Andre Sa/Raquel Atawo"
4296,"Nikola Mektic/Ana Konjuh"
4297,"Leander Paes/Yifan Xu"
4298,"Fabrice Martin/Raluca Olaru"
4299,"Aisam Qureshi/Anna-Lena Groenefeld"
4300,"Nenad Zimonjic/Victoria Azarenka"
4301,"Adil Shamasdin/Maria Sanchez"
4302,"Dmitry Tursunov/Daria Saville"
4303,"Andre Begemann/Nicole Melichar"
4304,"Purav Raja/Eri Hozumi"
4305,"Daniel Nestor/Andreja Klepac"
4306,"Michael Venus/Barbora Krejcikova"
4307,"Alexander Peya/Carina Witthoeft"
4308,"Jack Sock/Madison Keys"
4309,"Guillermo Duran/Alicja Rosolska"
4310,"Wesley Koolhof/Demi Schuurs"
4311,"Yusuke Watanuki/Makoto Ninomiya"
4312,"James Cerretani/Renata Voracova"
4313,"Cameron Norrie/Katie Swan"
4314,"Brydan Klein/Harriet Dart"
4315,"Andres Molteni/Renata Voracova"
4316,"Marcelo Demoliner/Kveta Peschke"
4317,"Mitchell Krueger/Jamie Loeb"
4318,"Bruno Soares/Timea Babos"
4319,"Michael Mmoh/Sofia Kenin"
4320,"Nikola Mektic/Raluca Olaru"
4321,"Bjorn Fratangelo/Jennifer Brady"
4322,"Nicholas Monroe/Maria-Jose Martinez Sanchez"
4323,"Tennys Sandgren/Kristie Ahn"
4324,"Mate Pavic/Andreja Klepac"
4325,"Santiago Gonzalez/Alicja Rosolska"
4326,"Christian Harrison/Amanda Anisimova"
4327,"Michael Venus/Hao-Ching Chan"
4328,"Danny Thomas/Liezel Huber"
4329,"Bradley Klahn/Louisa Chirico"
4330,"Aisam Qureshi/Raquel Atawo"
4331,"Oliver Marach/Anastasia Rodionova"
4332,"Jack Withrow/Nicole Melichar"
4333,"Fabrice Martin/Jelena Ostapenko"
4334,"Alexander Zverev/Angelique Kerber"
4335,"David Goffin/Elise Mertens"
4336,"Thanasi Kokkinakis/Daria Saville"
4337,"Karen Khachanov/Anastasia Pavlyuchenkova"
4338,"Yuichi Sugita/Naomi Osaka"
4339,"Jamie Murray/Latisha Chan"
4340,"Marc Polmans/Storm Hunter"
4341,"Nicholas Monroe/Nicole Melichar"
4342,"Aisam Qureshi/Zhaoxuan Yang"
4343,"Henri Kontinen/Kveta Peschke"
4344,"Bradley Mousley/Zoe Hives"
4345,"Fabrice Martin/Renata Voracova"
4346,"Franko Skugor/Vania King"
4347,"Andrew Whittington/Ellen Perez"
4348,"Rohan Bopanna/Timea Babos"
4349,"Max Mirnyi/Shuai Peng"
4350,"Marcel Granollers/Nadiya Kichenok"
4351,"Matt Reid/Priscilla Hon"
4352,"Marcus Daniell/Yifan Xu"
4353,"Mate Pavic/Gabriela Dabrowski"
4354,"Alex Bolt/Lizette Cabrera"
4355,"Matthew Ebden/Monique Adamczak"
4356,"Jean-Julien Rojer/Demi Schuurs"
4357,"Matwe Middelkoop/Johanna Larsson"
4358,"Gregoire Barrere/Pauline Parmentier"
4359,"Alexis Musialek/Kristina Mladenovic"
4360,"Marcel Granollers/Anabel Medina Garrigues"
4361,"Matwe Middelkoop/Demi Schuurs"
4362,"Jamie Murray/Katerina Siniakova"
4363,"Evan Furness/Fiona Ferro"
4364,"Santiago Gonzalez/Katarina Srebotnik"
4365,"Ryan Harrison/Danielle Rose Collins"
4366,"Max Mirnyi/Jelena Ostapenko"
4367,"Jean-Julien Rojer/Andreja Klepac"
4368,"Nikola Mektic/Alla Kudryavtseva"
4369,"Henri Kontinen/Mihaela Buzarnescu"
4370,"Oliver Marach/Yifan Xu"
4371,"John Peers/Shuai Zhang"
4372,"Ugo Humbert/Tessah Andrianjafitrimo"
4373,"Alexander Peya/Nicole Melichar"
4374,"Alexandre Muller/Sara Cakarevic"
4375,"Ben Mclachlan/Makoto Ninomiya"
4376,"Ivan Dodig/Latisha Chan"
4378,"Antonio Sancic/Petra Martic"
4379,"Artem Sitak/Lyudmyla Kichenok"
4380,"Robert Lindstedt/Zhaoxuan Yang"
4381,"Jay Clarke/Harriet Dart"
4382,"Max Mirnyi/Kveta Peschke"
4383,"Hugo Nys/Shuko Aoyama"
4384,"Marcus Daniell/Nadiya Kichenok"
4385,"Robin Haase/Kirsten Flipkens"
4386,"John-Patrick Smith/Daria Saville"
4387,"Philipp Oswald/Xenia Knoll"
4388,"Ben Mclachlan/Eri Hozumi"
4389,"Wesley Koolhof/Elise Mertens"
4390,"Jamie Murray/Victoria Azarenka"
4391,"Nikola Mektic/Hao-Ching Chan"
4392,"Thanasi Kokkinakis/Ashleigh Barty"
4393,"Andrei Vasilevski/Anastasia Rodionova"
4394,"Luke Bambridge/Katie Boulter"
4395,"Marcin Matkowski/Mihaela Buzarnescu"
4396,"Divij Sharan/Alicja Rosolska"
4397,"Aisam Qureshi/Arantxa Parra-Santonja"
4398,"Andres Molteni/Makoto Ninomiya"
4399,"Santiago Gonzalez/Raquel Atawo"
4400,"Nicolas Mahut/Elina Svitolina"
4401,"Nicholas Monroe/Oksana Kalashnikova"
4402,"Ken Skupski/Anna Smith"
4403,"Dominic Inglot/Samantha Stosur"
4404,"Hans Podlipnik-Castillo/Lidziya Marozava"
4405,"Leonardo Mayer/Maria Irigoyen"
4406,"Christian Harrison/Christina Mchale"
4407,"Nicholas Monroe/Vania King"
4408,"Rajeev Ram/Kveta Peschke"
4409,"Marc Lopez/Lara Arruabarrena"
4410,"Wesley Koolhof/Nadiya Kichenok"
4411,"Jamie Murray/Bethanie Mattek-Sands"
4412,"Michael Mmoh/Amanda Anisimova"
4413,"James Cerretani/Kaitlyn Christian"
4414,"Rohan Bopanna/Laura Siegemund"
4415,"Franko Skugor/Raluca Olaru"
4416,"Tom Fawcett/Danielle Rose Collins"
4417,"Nikola Mektic/Alicja Rosolska"
4418,"Christopher Eubanks/Cori Gauff"
4419,"Henri Kontinen/Hao-Ching Chan"
4420,"Bruno Soares/Elina Svitolina"
4421,"Santiago Gonzalez/Anna-Lena Groenefeld"
4422,"Frances Tiafoe/Whitney Osuigwe"
4423,"Oliver Marach/Nicole Melichar"
4424,"Lucas Pouille/Alize Cornet"
4425,"Matthew Ebden/Ashleigh Barty"
4426,"David Ferrer/Garbine Muguruza"
4427,"Frances Tiafoe/Serena Williams"
4428,"Stefanos Tsitsipas/Maria Sakkari"
4429,"Cameron Norrie/Katie Boulter"
4430,"David Ferrer/Whitney Osuigwe"
4431,"Alexei Popyrin/Priscilla Hon"
4432,"Michael Venus/Danielle Rose Collins"
4433,"Franko Skugor/Katarina Srebotnik"
4434,"Neal Skupski/Maria-Jose Martinez Sanchez"
4435,"Andrew Whittington/Jessica Moore"
4436,"Nicolas Mahut/Timea Bacsinszky"
4437,"Lukasz Kubot/Iga Swiatek"
4438,"Wesley Koolhof/Kveta Peschke"
4439,"Rohan Bopanna/Zhaoxuan Yang"
4440,"Artem Sitak/Ekaterina Makarova"
4441,"Edouard Roger-Vasselin/Andreja Klepac"
4442,"John-Patrick Smith/Astra Sharma"
4443,"Jason Murray Kubler/Maddison Inglis"
4444,"Robert Lindstedt/Kristina Mladenovic"
4445,"Dominic Inglot/Johanna Larsson"
4446,"Oliver Marach/Mihaela Buzarnescu"
4447,"Matt Reid/Monique Adamczak"
4448,"Marton Fucsovics/Timea Babos"
4449,"Bruno Soares/Nicole Melichar"
4450,"Rohan Bopanna/Lucie Hradecka"
4451,"Luke Bambridge/Asia Muhammad"
4452,"Fabrice Martin/Pauline Parmentier"
4453,"Michael Venus/Galina Voskoboeva"
4454,"Benjamin Bonzi/Amandine Hesse"
4455,"Santiago Gonzalez/Lyudmyla Kichenok"
4456,"Maximo Gonzalez/Zhaoxuan Yang"
4457,"Oliver Marach/Hao-Ching Chan"
4458,"Dominic Inglot/Mihaela Buzarnescu"
4459,"Austin Krajicek/Darija Jurak Schreiber"
4460,"Artem Sitak/Makoto Ninomiya"
4461,"Gregoire Barrere/Margot Yerolymos"
4462,"Tristan Lamasine/Manon Arcangioli"
4463,"Frederik Nielsen/Kaitlyn Christian"
4464,"Aisam Qureshi/Nadiya Kichenok"
4465,"Jeevan Nedunchezhiyan/Jessica Moore"
4466,"Denys Molchanov/Galina Voskoboeva"
4467,"Jurgen Melzer/Anastasia Pavlyuchenkova"
4468,"Andy Murray/Serena Williams"
4469,"Andreas Mies/Alexa Guarachi"
4470,"Fabrice Martin/Raquel Atawo"
4471,"Neal Skupski/Hao-Ching Chan"
4472,"Jonny O'Mara/Naomi Broady"
4473,"Matwe Middelkoop/Zhaoxuan Yang"
4474,"Nick Kyrgios/Desirae Krawczyk"
4475,"Marcus Daniell/Jennifer Brady"
4476,"Maximo Gonzalez/Yifan Xu"
4477,"Marcelo Demoliner/Abigail Spears"
4478,"Robert Lindstedt/Jelena Ostapenko"
4479,"Jay Clarke/Cori Gauff"
4480,"Scott Clayton/Sarah Beth Grey"
4481,"Frances Tiafoe/Venus Williams"
4482,"Christopher Rungkat/Shuko Aoyama"
4483,"Nicolas Mahut/Alize Cornet"
4484,"Kevin Krawietz/Sabrina Santamaria"
4485,"Austin Krajicek/Maria Sanchez"
4486,"Santiago Gonzalez/Xinyun Han"
4487,"Rohan Bopanna/Aryna Sabalenka"
4488,"Ken Skupski/Darija Jurak Schreiber"
4489,"Ben Mclachlan/Miyu Kato"
4490,"Cheng-Peng Hsieh/Su-Wei Hsieh"
4491,"Rajeev Ram/Alison Riske"
4492,"Divij Sharan/Ying-Ying Duan"
4493,"Evan Hoyt/Eden Silva"
4494,"Joran Vliegen/Saisai Zheng"
4495,"Philipp Oswald/Monique Adamczak"
4496,"Ken Skupski/Andreja Klepac"
4497,"Joe Salisbury/Desirae Krawczyk"
4498,"Jenson Brooksby/Hailey Baptiste"
4499,"Marcelo Demoliner/Ying-Ying Duan"
4500,"Andreas Mies/Laura Siegemund"
4501,"Artem Sitak/Lucie Hradecka"
4502,"Rohan Bopanna/Abigail Spears"
4503,"Oliver Marach/Anna-Lena Groenefeld"
4504,"Henri Kontinen/Demi Schuurs"
4505,"Austin Krajicek/Asia Muhammad"
4506,"Denis Kudla/Jennifer Brady"
4507,"Edouard Roger-Vasselin/Kirsten Flipkens"
4508,"Maxime Cressy/Coco Vandeweghe"
4509,"Rajeev Ram/Samantha Stosur"
4510,"Nicholas Monroe/Danielle Rose Collins"
4511,"Jack Withrow/Hayley Carter"
4512,"Marcelo Melo/Barbora Strycova"
4513,"Leander Paes/Jelena Ostapenko"
4514,"Juan-Sebastian Cabal/Venus Williams"
4515,"Neal Skupski/Su-Wei Hsieh"
4516,"Luke Saville/Ellen Perez"
4517,"Blake Mott/Belinda Woolcock"
4518,"Filip Polasek/Viktoria Hruncakova"
4519,"Jean-Julien Rojer/Samantha Stosur"
4520,"Andrew Harris/Arina Rodionova"
4521,"Jurgen Melzer/Kirsten Flipkens"
4522,"Matthew Ebden/Jessica Moore"
4523,"Kevin Krawietz/Lucie Hradecka"
4524,"Henri Kontinen/Gabriela Dabrowski"
4525,"Nikola Mektic/Barbora Krejcikova"
4526,"Nick Kyrgios/Amanda Anisimova"
4527,"David Vega Hernandez/Monique Adamczak"
4528,"Andreas Mies/Alicja Rosolska"
4529,"Rohan Bopanna/Nadiya Kichenok"
4530,"Austin Krajicek/Lyudmyla Kichenok"
4531,"Horacio Zeballos/Nadia Podoroska"
4532,"Matthew Ebden/Samantha Stosur"
4533,"Alexander Bublik/Elena Rybakina"
4534,"Matwe Middelkoop/Jelena Ostapenko"
4535,"Bruno Soares/Luisa Stefani"
4536,"Juan-Sebastian Cabal/Hao-Ching Chan"
4537,"John Peers/Belinda Woolcock"
4538,"Neal Skupski/Andreja Klepac"
4539,"Filip Polasek/Lucie Hradecka"
4540,"Henri Kontinen/Yaroslava Shvedova"
4541,"Kevin Krawietz/Laura Siegemund"
4542,"Ben Mclachlan/Ena Shibahara"
4543,"Rohan Bopanna/Ying-Ying Duan"
4544,"Aleksandar Vukic/Ivana Popovic"
4545,"Andrew Harris/Ellen Perez"
4546,"Luke Saville/Asia Muhammad"
4547,"Max Purcell/Arina Rodionova"
4548,"Michael Venus/Alexa Guarachi"
4549,"Fabrice Martin/Caroline Dolehide"
4550,"Robert Farah/Nicole Melichar"
4551,"Sander Gille/Hayley Carter"
4552,"Nikola Mektic/Barbora Strycova"
4553,"Filip Polasek/Barbora Krejcikova"
4554,"Juan-Sebastian Cabal/Giuliana Olmos"
4555,"Bruno Soares/Yifan Xu"
4556,"Jurgen Melzer/Coco Vandeweghe"
4557,"Neal Skupski/Alexa Guarachi"
4558,"John Peers/Hao-Ching Chan"
4559,"Aslan Karatsev/Elena Vesnina"
4560,"Luke Saville/Gabriela Dabrowski"
4561,"Rajeev Ram/Nicole Melichar"
4562,"Sander Gille/Laura Siegemund"
4563,"Nicolas Mahut/Kristina Mladenovic"
4565,"Jonathan Erlich/Lucie Hradecka"
4566,"Gonzalo Escobar/Vera Zvonareva"
4567,"Fabrice Martin/Alexa Guarachi"
4568,"Ken Skupski/Jessica Pegula"
4569,"Lloyd Glasspool/Jodie Anna Burrage"
4570,"Neal Skupski/Desirae Krawczyk"
4571,"Edouard Roger-Vasselin/Nicole Melichar"
4572,"Austin Krajicek/Sabrina Santamaria"
4573,"Nick Kyrgios/Venus Williams"
4574,"John-Patrick Smith/Caty McNally"
4575,"Andrei Vasilevski/Arina Rodionova"
4576,"Marcus Daniell/Sharon Fichman"
4577,"Hugo Nys/Su-Wei Hsieh"
4578,"Roman Jebavy/Marketa Vondrousova"
4579,"Joran Vliegen/Storm Hunter"
4580,"Alexander Bublik/Anastasia Pavlyuchenkova"
4581,"Ryan Peniston/Eden Silva"
4582,"Jeremy Chardy/Naomi Broady"
4583,"Ariel Behar/Galina Voskoboeva"
4584,"Raven Klaasen/Darija Jurak Schreiber"
4585,"Oliver Marach/Lyudmyla Kichenok"
4586,"Santiago Gonzalez/Giuliana Olmos"
4587,"Joe Salisbury/Harriet Dart"
4588,"Rajeev Ram/Bethanie Mattek-Sands"
4589,"Nicholas Monroe/Renata Voracova"
4590,"Jonny O'Mara/Sarah Beth Grey"
4591,"Marc Lopez/Marie Bouzkova"
4592,"Max Purcell/Marta Kostyuk"
4593,"Kevin Krawietz/Kveta Peschke"
4594,"Marcelo Demoliner/Luisa Stefani"
4595,"Matt Reid/Anett Kontaveit"
4596,"Matwe Middelkoop/Kiki Bertens"
4597,"Ramkumar Ramanathan/Ankita Raina"
4598,"Andre Begemann/Vivian Heisen"
4599,"Divij Sharan/Samantha Murray"
4600,"David Pel/Rosalie Van Der Hoek"
4601,"Aidan Mchugh/Emily Webley-Smith"
4602,"Arthur Fery/Tara Moore"
4603,"Pablo Carreno-Busta/Paula Badosa Gibert"
4604,"Novak Djokovic/Nina Stojanovic"
4605,"Marcelo Melo/Luisa Stefani"
4606,"Andrey Golubev/Yaroslava Shvedova"
4607,"Andrey Rublev/Anastasia Pavlyuchenkova"
4608,"Felix Auger Aliassime/Gabriela Dabrowski"
4609,"Pierre-Hugues Herbert/Fiona Ferro"
4610,"Ivan Dodig/Nicole Melichar"
4611,"Jack Withrow/Asia Muhammad"
4612,"Marcelo Arevalo/Giuliana Olmos"
4613,"Andrey Golubev/Elena Rybakina"
4614,"Bjorn Fratangelo/Madison Keys"
4615,"Joran Vliegen/Andreja Klepac"
4616,"Marcus Daniell/Gabriela Dabrowski"
4617,"Rajeev Ram/Sania Mirza"
4618,"Nicholas Monroe/Reese Brantmeier"
4619,"Nathan Pasha/Sachia Vickery"
4620,"Fabrice Martin/Yaroslava Shvedova"
4621,"Tim Puetz/Vera Zvonareva"
4622,"Lukasz Kubot/Lucie Hradecka"
4623,"Austin Krajicek/Jessica Pegula"
4624,"Nikola Cacic/Galina Voskoboeva"
4625,"Matwe Middelkoop/Darija Jurak Schreiber"
4626,"Bruno Soares/Samantha Stosur"
4627,"Sander Gille/Demi Schuurs"
4628,"Bruno Kuzuhara/Elvina Kalieva"
4629,"Nathaniel Lammons/Sabrina Santamaria"
4630,"Maximo Gonzalez/Nadia Podoroska"
4631,"Luke Saville/Storm Hunter"
4632,"Filip Polasek/Belinda Bencic"
4633,"Max Purcell/Dayana Yastremska"
4634,"Marcelo Demoliner/Ellen Perez"
4635,"Hunter Reese/Hayley Carter"
4636,"Gonzalo Escobar/Lucie Hradecka"
4637,"Rohan Bopanna/Darija Jurak Schreiber"
4638,"Andrey Golubev/Lyudmyla Kichenok"
4639,"Jamie Murray/Caty McNally"
4640,"Matwe Middelkoop/Ellen Perez"
4641,"Fabrice Martin/Asia Muhammad"
4642,"Jason Murray Kubler/Jaimee Fourlis"
4643,"Mate Pavic/Nina Stojanovic"
4644,"Ivan Dodig/Kristina Mladenovic"
4645,"Sander Gille/Kirsten Flipkens"
4646,"Marc Polmans/Arina Rodionova"
4647,"Juan-Sebastian Cabal/Maria Camila Osorio Serrano"
4648,"Michael Venus/Erin Routliffe"
4649,"Tim Puetz/Alexa Guarachi"
4650,"Neal Skupski/Storm Hunter"
4651,"Tomas Machac/Katerina Siniakova"
4652,"Santiago Gonzalez/Nadiya Kichenok"
4653,"Wesley Koolhof/Bernarda Pera"
4654,"Hugo Nys/Gabriela Dabrowski"
4655,"Nikola Cacic/Aleksandra Krunic"
4656,"Aisam Qureshi/Makoto Ninomiya"
4657,"Nicolas Mahut/Shuai Zhang"
4658,"Bruno Soares/Beatriz Haddad Maia"
4659,"Santiago Gonzalez/Laura Siegemund"
4660,"Ben Mclachlan/Hao-Ching Chan"
4661,"Kevin Krawietz/Nicole Melichar"
4662,"Sander Gille/Storm Hunter"
4663,"Alexander Bublik/Natela Dzalamidze"
4664,"Ariel Behar/Erin Routliffe"
4665,"Hugo Gaston/Clara Burel"
4666,"Joran Vliegen/Ulrikke Eikeri"
4667,"Andrey Golubev/Anna Danilina"
4668,"Rohan Bopanna/Andreja Klepac"
4669,"Ramkumar Ramanathan/Elixane Lechemia"
4670,"Lukasz Kubot/Alicja Rosolska"
4671,"Enzo Couacaud/Oceane Dodin"
4672,"Jonathan Eysseric/Harmony Tan"
4673,"John Peers/Gabriela Dabrowski"
4674,"Mate Pavic/Bernarda Pera"
4675,"Rafael Matos/Lyudmyla Kichenok"
4676,"Fabrice Martin/Tessah Andrianjafitrimo"
4677,"Jean-Julien Rojer/Alexa Guarachi"
4678,"Wesley Koolhof/Ena Shibahara"
4679,"Lloyd Glasspool/Asia Muhammad"
4680,"Jean-Julien Rojer/Ena Shibahara"
4681,"Austin Krajicek/Alexa Guarachi"
4682,"Ken Skupski/Heather Watson"
4683,"Jamie Murray/Venus Williams"
4684,"Jonny O'Mara/Alicia Barnett"
4685,"Jack Sock/Cori Gauff"
4686,"Kyle Edmund/Olivia Nicholls"
4687,"Maximo Gonzalez/Kaitlyn Christian"
4688,"Max Purcell/Storm Hunter"
4689,"Filip Polasek/Andreja Klepac"
4690,"Mate Pavic/Sania Mirza"
4691,"David Vega Hernandez/Natela Dzalamidze"
4692,"Andreas Mies/Erin Routliffe"
4693,"Ariel Behar/Demi Schuurs"
4694,"Robert Farah/Jelena Ostapenko"
4695,"Lukasz Kubot/Marta Kostyuk"
4696,"Santiago Gonzalez/Zhaoxuan Yang"
4697,"Thanasi Kokkinakis/Asia Muhammad"
4698,"Christopher Eubanks/Alycia Parks"
4699,"William Blumberg/Caty McNally"
4700,"Thanasi Kokkinakis/Victoria Azarenka"
4701,"David Vega Hernandez/Jelena Ostapenko"
4702,"Jamie Murray/Laura Siegemund"
4703,"Michael Venus/Ellen Perez"
4704,"John Peers/Storm Hunter"
4705,"Robert Galloway/Catherine Harrison"
4706,"Jack Withrow/Bernarda Pera"
4707,"Harri Heliovaara/Alexa Guarachi"
4708,"Jack Sock/Leylah Annie Fernandez"
4709,"Tim Puetz/Kimberley Zimmermann"
4710,"Max Purcell/Gabriela Dabrowski"
4711,"Nicholas Monroe/Robin Montgomery"
4712,"Santiago Gonzalez/Andreja Klepac"
4713,"Franko Skugor/Ena Shibahara"
4714,"Nikola Mektic/Kristina Mladenovic"
4715,"Richard Ciamarra/Jaeda Daniel"
4716,"Mate Pavic/Shuai Zhang"
4717,"Adrian Andreev/Gergana Topalova"
4718,"Taylor Harry Fritz/Jessica Pegula"
4719,"Jiri Lehecka/Marie Bouzkova"
4720,"Rafael Matos/Luisa Stefani"
4721,"Matteo Berrettini/Camilla Rosatello"
4722,"Edouard Roger-Vasselin/Caroline Garcia"
4723,"Tomas Martin Etcheverry/Nadia Podoroska"
4724,"Jonny O'Mara/Harriet Dart"
4725,"Marc-Andrea Huesler/Jil Teichmann"
4726,"Alexander Bublik/Zhibek Kulambayeva"
4727,"Alexandar Lazarov/Isabella Shinikova"
4728,"Viktor Durasovic/Ulrikke Eikeri"
4729,"Alexander Zverev/Laura Siegemund"
4730,"Hubert Hurkacz/Iga Swiatek"
4731,"Grigoriy Lomakin/Zhibek Kulambayeva"
4732,"David Vega Hernandez/Jessica Bouzas Maneiro"
4733,"Borna Gojo/Tara Wuerth"
4734,"Michael Geerts/Kirsten Flipkens"
4735,"Marc-Andrea Huesler/Belinda Bencic"
4736,"Kacper Zuk/Alicja Rosolska"
4737,"Frances Tiafoe/Jessica Pegula"
4738,"Daniel Altmaier/Laura Siegemund"
4739,"Lorenzo Musetti/Camilla Rosatello"
4740,"Edouard Roger-Vasselin/Jessika Ponchet"
4741,"Matija Pecotic/Petra Marcinko"
4742,"Borna Gojo/Petra Martic"
4743,"Daniel Evans/Harriet Dart"
4744,"Andrea Vavassori/Camilla Rosatello"
4745,"Petros Tsitsipas/Valentini Grammatikopoulou"
4746,"Hugo Nys/Latisha Chan"
4747,"Luke Saville/Jaimee Fourlis"
4748,"Matwe Middelkoop/Nicole Melichar"
4749,"Harri Heliovaara/Ellen Perez"
4750,"Robin Haase/Shuai Zhang"
4751,"Andrew Harris/Alana Parnaby"
4752,"Jamie Murray/Taylor Townsend"
4753,"Nikola Mektic/Demi Schuurs"
4754,"Jean-Julien Rojer/Alicja Rosolska"
4755,"Aleksandr Nedovyesov/Anna Danilina"
4756,"Juan-Sebastian Cabal/Kristina Mladenovic"
4757,"Rinky Hijikata/Kimberly Birrell"
4758,"Gonzalo Escobar/Lyudmyla Kichenok"
4759,"Marc Polmans/Olivia Gadecki"
4760,"Jan Zielinski/Zhaoxuan Yang"
4761,"John-Patrick Smith/Lizette Cabrera"
4762,"Mate Pavic/Bethanie Mattek-Sands"
4763,"Zhizhen Zhang/Xinyun Han"
4764,"Ariel Behar/Makoto Ninomiya"
4765,"Albano Olivetti/Elixane Lechemia"
4766,"Tim Puetz/Miyu Kato"
4767,"Harold Mayot/Diane Parry"
4768,"Ivan Dodig/Shuai Zhang"
4769,"Neal Skupski/Giuliana Olmos"
4770,"Santiago Gonzalez/Anna Danilina"
4771,"Matwe Middelkoop/Aldila Sutjiadi"
4773,"Nicolas Mahut/Su-Wei Hsieh"
4774,"Fabrice Martin/Hao-Ching Chan"
4775,"Jan Zielinski/Ellen Perez"
4776,"Marcelo Arevalo/Marta Kostyuk"
4777,"Andres Molteni/Vera Zvonareva"
4778,"Jonathan Eysseric/Leolia Jeanjean"
4779,"Michael Venus/Bianca Vanessa Andreescu"
4781,"Matthew Ebden/Lyudmyla Kichenok"
4782,"Jack Withrow/Ena Shibahara"
4783,"Dan Added/Estelle Cascino"
4784,"Nathaniel Lammons/Gabriela Dabrowski"
4785,"Lucas Pouille/Chloe Paquet"
4787,"Stefanos Tsitsipas/Paula Badosa Gibert"
4788,"Andrea Vavassori/Liudmila Samsonova"
4789,"Julian Cash/Alicia Barnett"
4790,"Nikola Mektic/Bernarda Pera"
4791,"Sander Gille/Miyu Kato"
4792,"Wesley Koolhof/Leylah Annie Fernandez"
4793,"Jonny O'Mara/Olivia Nicholls"
4794,"Emil Ruusuvuori/Anett Kontaveit"
4795,"Kevin Krawietz/Zhaoxuan Yang"
4796,"Hugo Nys/Laura Siegemund"
4797,"Matthew Ebden/Ellen Perez"
4798,"Santiago Gonzalez/Barbora Strycova"
4799,"Jan Zielinski/Nicole Melichar"
4800,"Nathaniel Lammons/Giuliana Olmos"
4801,"Joe Salisbury/Heather Watson"
4802,"Alex De Minaur/Katie Boulter"
4803,"Joran Vliegen/Yifan Xu"
4804,"Nicolas Mahut/Anna Danilina"
4805,"Andres Molteni/Yana Sizikova"
4806,"Jason Murray Kubler/Erin Routliffe"
4807,"Holger Rune/Clara Tauson"
4808,"Leandro Riedi/Celine Naef"
4809,"Richard Gasquet/Alize Cornet"
4810,"Carlos Alcaraz/Rebeka Masarova"
4811,"Borna Coric/Donna Vekic"
4812,"Marcelo Melo/Katerina Siniakova"
4813,"Mackenzie Mcdonald/Maria Mateas"
4814,"Alex Michelsen/Robin Montgomery"
4815,"Lloyd Glasspool/Hao-Ching Chan"
4816,"Jean-Julien Rojer/Ellen Perez"
4817,"Joe Salisbury/Luisa Stefani"
4818,"Ben Shelton/Taylor Townsend"
4819,"Rohan Bopanna/Aldila Sutjiadi"
4820,"Andreas Mies/Vera Zvonareva"
4821,"Tim Puetz/Giuliana Olmos"
4822,"Hugo Nys/Demi Schuurs"
4823,"Jan Zielinski/Lyudmyla Kichenok"
4824,"Rajeev Ram/Peyton Stearns"
4825,"Mate Pavic/Ena Shibahara"
4826,"Marcelo Arevalo/Su-Wei Hsieh"
4827,"Matthew Ebden/Nicole Melichar"
4828,"Harri Heliovaara/Anna Danilina"
4829,"Denis Kudla/Alycia Parks"
4830,"Ethan Quinn/Ashlyn Krueger"
4831,"Maximo Gonzalez/Nadiya Kichenok"
4832,"Andres Molteni/Alexa Guarachi"
4833,"Alejandro Davidovich Fokina/Sara Sorribes Tormo"
4834,"Marcelo Melo/Beatriz Haddad Maia"
4835,"Neal Skupski/Katie Boulter"
4836,"Matthew Ebden/Storm Hunter"
4837,"Casper Ruud/Ulrikke Eikeri"
4838,"Jiri Lehecka/Marketa Vondrousova"
4839,"Zhizhen Zhang/Qinwen Zheng"
4840,"Lorenzo Sonego/Angelica Moratelli"
4841,"Steven Diez/Leylah Annie Fernandez"
4842,"Tomas Barrios Vera/Daniela Seguel"
4843,"Novak Djokovic/Olga Danilovic"
4844,"Ivan Dodig/Donna Vekic"
4845,"Rajeev Ram/Jessica Pegula"
4846,"Hamad Medjedovic/Olga Danilovic"
4847,"Petr Nouza/Miriam Kolodziejova"
4848,"Jan Zielinski/Katarzyna Piter"
4849,"Fajing Sun/Xiaodi You"
4850,"Nikola Cacic/Dejana Radanovic"
4851,"Edouard Roger-Vasselin/Elixane Lechemia"
4852,"Flavio Cobolli/Nuria Brancaccio"
4853,"Petros Tsitsipas/Despina Papamichail"
4854,"Felix Auger Aliassime/Stacey Fung"
4855,"Petros Tsitsipas/Maria Sakkari"
4856,"Jan Zielinski/Katarzyna Kawa"
4857,"Andres Molteni/Anna Danilina"
4858,"Andrew Harris/Jaimee Fourlis"
4859,"Fabien Reboul/Barbora Krejcikova"
4860,"Joran Vliegen/Ena Shibahara"
4861,"Jan Zielinski/Su-Wei Hsieh"
4862,"John Peers/Kimberly Birrell"
4863,"Dane Sweeny/Maya Joint"
4864,"Adam Walton/Priscilla Hon"
4865,"Michael Venus/Aldila Sutjiadi"
4866,"Jack Withrow/Erin Routliffe"
4867,"Santiago Gonzalez/Hao-Ching Chan"
4868,"Harri Heliovaara/Ulrikke Eikeri"
4869,"Lloyd Glasspool/Veronika Kudermetova"
4870,"Marcelo Melo/Taylor Townsend"
4871,"Edouard Roger-Vasselin/Giuliana Olmos"
4872,"Jamie Murray/Yana Sizikova"
4873,"Marcelo Arevalo/Bethanie Mattek-Sands"
4874,"Andres Molteni/Cristina Bucsa"
4875,"Rohan Bopanna/Veronika Kudermetova"
4876,"Gregoire Barrere/Chloe Paquet"
4877,"Marcelo Arevalo/Shuai Zhang"
4878,"Austin Krajicek/Bethanie Mattek-Sands"
4879,"Sander Gille/Vera Zvonareva"
4880,"John Peers/Nicole Melichar"
4881,"Joran Vliegen/Barbora Krejcikova"
4882,"Maximo Gonzalez/Ulrikke Eikeri"
4883,"Hugo Nys/Hao-Ching Chan"
4884,"Nathaniel Lammons/Ena Shibahara"
4885,"Edouard Roger-Vasselin/Laura Siegemund"
4886,"Gonzalo Escobar/Shuko Aoyama"
4887,"Jack Withrow/Aldila Sutjiadi"
4888,"Ariel Behar/Asia Muhammad"
4889,"Andres Molteni/Asia Muhammad"
4890,"Luke Johnson/Freya Christie"
4891,"Andy Murray/Emma Raducanu"
4892,"Marcus Willis/Alicia Barnett"
4893,"Ivan Dodig/Hao-Ching Chan"
4894,"Jean-Julien Rojer/Bethanie Mattek-Sands"
4895,"Andrea Vavassori/Sara Errani"
4896,"Sander Gille/Nadiya Kichenok"
4897,"Robert Galloway/Ingrid Neel"
4899,"Kevin Krawietz/Alexandra Panova"
4900,"Austin Krajicek/Laura Siegemund"
4901,"Lloyd Glasspool/Harriet Dart"
4902,"Fabrice Martin/Cristina Bucsa"
4903,"Julian Cash/Maia Lumsden"
4904,"Henry Patten/Olivia Nicholls"
4905,"Harri Heliovaara/Gabriela Dabrowski"
4906,"Rajeev Ram/Katie Volynets"
4907,"Nicolas Barrientos/Miyu Kato"
4908,"Charles Broom/Emily Appleton"
4909,"Kei Nishikori/Ena Shibahara"
4910,"Taylor Harry Fritz/Cori Gauff"
4911,"Daniil Medvedev/Mirra Andreeva"
4912,"Mate Pavic/Donna Vekic"
4913,"Marcel Granollers/Sara Sorribes Tormo"
4914,"Thiago Seyboth Wild/Luisa Stefani"
4915,"Zhizhen Zhang/Xinyu Wang"
4916,"Joe Salisbury/Gabriela Dabrowski"
4917,"Joran Vliegen/Cristina Bucsa"
4918,"Hugo Nys/Nadiya Kichenok"
4919,"Matthew Ebden/Barbora Krejcikova"
4920,"Austin Krajicek/Hao-Ching Chan"
4921,"Kaylan Bigun/Iva Jovic"
4922,"John Peers/Katerina Siniakova"
4923,"Tim Puetz/Demi Schuurs"
4924,"Robert Galloway/Shelby Rogers"
4925,"Thai Kwiatkowski/Ashlyn Krueger"
4926,"Sadio Doumbia/Lyudmyla Kichenok"
4927,"Sander Gille/Ellen Perez"
4928,"Aleksandar Kovacevic/Tyra Caterina Grant"
4929,"Learner Tien/Clervie Ngounoue"
4930,"Jack Withrow/Alycia Parks"
4931,"Fabrice Martin/Alexandra Panova"
4932,"Alexander Shevchenko/Elena Rybakina"
4933,"Pablo Carreno-Busta/Ivonne Cavalle-Reimers"
4934,"Zhizhen Zhang/Shuai Zhang"
4935,"Rafael Matos/Carolina Meligeni Alves"
4936,"Dominic Stricker/Belinda Bencic"
4937,"Felix Auger Aliassime/Leylah Annie Fernandez"
4938,"Ivan Dodig/Lucija Ciric Bagaric"
4939,"Tomas Martin Etcheverry/Maria Lourdes Carle"
4940,"Sergio Martos Gornes/Ivonne Cavalle-Reimers"
4941,"Tomas Machac/Karolina Muchova"
4942,"Tim Puetz/Laura Siegemund"
4943,"Charles Broom/Katie Boulter"
4944,"Aleksandr Nedovyesov/Zhibek Kulambayeva"
4945,"Jan Zielinski/Iga Swiatek"
4946,"Yan Bai/Xinyu Gao"
4947,"Ivan Dodig/Petra Marcinko"
4948,"Charles Broom/Olivia Nicholls"
4949,"Alex De Minaur/Olivia Gadecki"
4951,"Robert Galloway/Desirae Krawczyk"
4952,"Fajing Sun/Shuai Zhang"
4953,"Jan Zielinski/Maja Chwalinska"
4954,"Patrik Rikl/Gabriela Andrea Knutson"
4955,"Alexander Shevchenko/Zhibek Kulambayeva"
4956,"Denis Kudla/Desirae Krawczyk"
4957,"Omar Jasika/Destanee Aiava"
4958,"Maximo Gonzalez/Giuliana Olmos"
4959,"Jack Withrow/Irina Khromacheva"
4960,"Hayden Jones/Emerson Jones"
4961,"Kevin Krawietz/Ellen Perez"
4962,"Alex Bolt/Priscilla Hon"
4963,"John-Patrick Smith/Kimberly Birrell"
4964,"Marcelo Melo/Hao-Ching Chan"
4965,"Edward Winter/Taylah Preston"
4966,"Marcelo Arevalo/Timea Babos"
4967,"John Peers/Olivia Gadecki"
4968,"Robert Galloway/Nicole Melichar"
4969,"Rohan Bopanna/Shuai Zhang"
4970,"Hugo Nys/Taylor Townsend"
4971,"Zhizhen Zhang/Katerina Siniakova"
4972,"Sander Gille/Gabriela Dabrowski"
4973,"Lloyd Glasspool/Alexandra Panova"
4974,"Joe Salisbury/Jelena Ostapenko"
