ID_P_S,ID_T_S,SEEDING
2,1,"1"
7,1,"6"
10,1,"4"
16,1,"5"
18,1,"8"
24,1,"3"
25,1,"7"
31,1,"2"
24,2,"1"
39,2,"4"
17,2,"6"
45,2,"5"
31,2,"3"
2,2,"7"
56,2,"2"
57,3,"1"
62,3,"16"
64,3,"12"
41,3,"8"
17,3,"4"
36,3,"14"
26,3,"11"
39,3,"5"
82,3,"7"
13,3,"9"
89,3,"15"
31,3,"3"
48,3,"6"
21,3,"10"
102,3,"13"
56,3,"2"
2,4,"1"
41,4,"8"
17,4,"4"
56,4,"6"
118,4,"7"
31,4,"3"
45,4,"5"
7,4,"2"
127,5,"1"
17,5,"5"
131,5,"3"
136,5,"8"
137,5,"7"
143,5,"4"
45,5,"6"
7,5,"2"
149,6,"1"
143,6,"5"
31,6,"3"
109,6,"7"
160,6,"6"
45,6,"4"
165,6,"8"
7,6,"2"
171,7,"1"
176,7,"16"
179,7,"9"
17,7,"7"
183,7,"3"
186,7,"13"
188,7,"11"
45,7,"6"
143,7,"8"
199,7,"10"
163,7,"14"
202,7,"4"
109,7,"5"
26,7,"12"
209,7,"15"
7,7,"2"
171,8,"1"
219,8,"6"
221,8,"3"
21,8,"8"
227,8,"5"
232,8,"4"
45,8,"7"
7,8,"2"
221,9,"1"
45,9,"6"
109,9,"4"
243,9,"7"
227,9,"8"
2,9,"3"
250,9,"5"
31,9,"2"
31,10,"1"
252,10,"8"
45,10,"4"
194,10,"7"
264,10,"5"
7,10,"3"
109,10,"6"
221,10,"2"
31,11,"1"
227,11,"15"
295,11,"10"
296,11,"7"
7,11,"3"
228,11,"13"
109,11,"9"
45,11,"6"
297,11,"5"
237,11,"11"
298,11,"14"
299,11,"4"
300,11,"8"
219,11,"12"
240,11,"16"
221,11,"2"
301,12,"1"
306,12,"6"
307,12,"4"
312,12,"7"
314,12,"5"
319,12,"3"
109,12,"8"
45,12,"2"
301,13,"1"
219,13,"8"
314,13,"6"
307,13,"5"
339,13,"4"
341,13,"7"
45,13,"2"
301,14,"1"
339,14,"5"
349,14,"4"
319,14,"7"
356,14,"8"
45,14,"3"
109,14,"6"
365,14,"2"
397,15,"1"
398,15,"14"
363,15,"11"
219,15,"7"
339,15,"4"
328,15,"16"
209,15,"9"
399,15,"5"
400,15,"6"
401,15,"10"
353,15,"13"
402,15,"3"
403,15,"8"
404,15,"12"
89,15,"15"
45,15,"2"
45,16,"1"
406,16,"8"
408,16,"3"
109,16,"7"
306,16,"5"
402,16,"4"
419,16,"6"
397,16,"2"
425,17,"1"
429,17,"7"
307,17,"3"
408,17,"6"
355,17,"5"
419,17,"4"
440,17,"8"
402,17,"2"
402,18,"1"
408,18,"7"
450,18,"3"
454,18,"6"
401,18,"8"
459,18,"4"
440,18,"5"
425,18,"2"
402,19,"1"
421,19,"16"
461,19,"9"
488,19,"8"
45,19,"3"
419,19,"13"
89,19,"10"
401,19,"7"
440,19,"6"
489,19,"11"
490,19,"14"
491,19,"4"
408,19,"5"
199,19,"12"
492,19,"15"
459,19,"2"
402,20,"1"
408,20,"7"
491,20,"3"
500,20,"8"
401,20,"6"
504,20,"4"
454,20,"5"
508,20,"2"
509,21,"1"
511,21,"6"
512,21,"4"
504,21,"5"
514,21,"8"
491,21,"3"
339,21,"7"
508,21,"2"
509,22,"1"
401,22,"6"
89,22,"4"
529,22,"5"
532,22,"7"
537,22,"8"
339,22,"2"
7,23,"1"
569,23,"13"
408,23,"11"
523,23,"6"
529,23,"3"
505,23,"14"
511,23,"9"
537,23,"7"
570,23,"5"
571,23,"10"
370,23,"16"
339,23,"4"
531,23,"8"
526,23,"12"
540,23,"15"
572,23,"2"
573,24,"1"
408,24,"7"
529,24,"3"
579,24,"8"
511,24,"6"
584,24,"4"
89,24,"5"
587,24,"2"
589,25,"1"
593,25,"5"
529,25,"3"
579,25,"6"
537,25,"8"
604,25,"4"
89,25,"7"
608,25,"2"
401,26,"1"
608,26,"7"
579,26,"4"
589,26,"6"
529,26,"5"
622,26,"3"
570,26,"8"
571,26,"2"
652,27,"1"
653,27,"14"
654,27,"10"
306,27,"5"
571,27,"3"
608,27,"13"
551,27,"11"
593,27,"8"
529,27,"7"
537,27,"9"
560,27,"16"
589,27,"4"
655,27,"6"
583,27,"12"
595,27,"15"
656,27,"2"
656,28,"1"
661,28,"5"
655,28,"4"
537,28,"8"
529,28,"7"
306,28,"3"
571,28,"6"
401,28,"2"
661,29,"1"
682,29,"7"
583,29,"4"
560,29,"8"
687,29,"5"
689,29,"3"
571,29,"6"
529,29,"2"
695,30,"1"
699,30,"5"
689,30,"3"
705,30,"7"
706,30,"6"
694,30,"4"
410,30,"8"
661,30,"2"
661,31,"1"
551,31,"13"
699,31,"11"
623,31,"7"
739,31,"4"
680,31,"16"
410,31,"12"
694,31,"8"
740,31,"6"
705,31,"10"
520,31,"15"
689,31,"3"
706,31,"5"
702,31,"9"
741,31,"14"
572,31,"2"
742,32,"1"
744,32,"8"
689,32,"3"
694,32,"6"
739,32,"5"
702,32,"4"
623,32,"7"
661,32,"2"
661,33,"1"
763,33,"8"
765,33,"3"
769,33,"7"
770,33,"6"
775,33,"4"
777,33,"5"
780,33,"2"
742,34,"1"
401,34,"6"
786,34,"3"
770,34,"5"
769,34,"7"
795,34,"4"
753,34,"8"
661,34,"2"
818,35,"1"
763,35,"15"
819,35,"10"
820,35,"6"
786,35,"4"
821,35,"13"
769,35,"11"
770,35,"7"
753,35,"8"
520,35,"9"
794,35,"16"
742,35,"3"
822,35,"5"
823,35,"12"
661,35,"2"
695,36,"1"
769,36,"7"
820,36,"4"
832,36,"5"
834,36,"8"
401,36,"3"
763,36,"6"
661,36,"2"
695,37,"1"
769,37,"6"
661,37,"4"
771,37,"8"
833,37,"5"
777,37,"3"
857,37,"2"
401,38,"1"
861,38,"7"
863,38,"4"
868,38,"8"
616,38,"5"
833,38,"3"
874,38,"6"
878,38,"2"
695,39,"1"
902,39,"16"
903,39,"9"
726,39,"7"
401,39,"3"
661,39,"14"
904,39,"11"
905,39,"8"
833,39,"5"
906,39,"10"
631,39,"13"
907,39,"4"
860,39,"6"
851,39,"15"
909,39,"2"
695,40,"1"
914,40,"5"
909,40,"3"
918,40,"7"
919,40,"8"
551,40,"6"
857,40,"2"
931,41,"1"
935,41,"7"
937,41,"4"
918,41,"5"
551,41,"6"
845,41,"8"
949,42,"1"
918,42,"5"
937,42,"4"
956,42,"6"
935,42,"8"
401,42,"3"
551,42,"7"
931,42,"2"
695,43,"1"
987,43,"15"
989,43,"8"
918,43,"4"
990,43,"13"
947,43,"9"
551,43,"5"
935,43,"7"
903,43,"12"
991,43,"14"
401,43,"3"
930,43,"6"
992,43,"10"
993,43,"16"
7,43,"2"
949,44,"1"
997,44,"6"
779,44,"4"
401,44,"5"
631,44,"7"
918,44,"3"
1005,44,"8"
7,44,"2"
496,45,"1"
7,45,"3"
1016,45,"4"
695,45,"2"
7,46,"1"
3705,46,"6"
3706,46,"3"
3709,46,"7"
989,46,"8"
949,46,"4"
3712,46,"5"
918,46,"2"
3717,46,"ALT"
3718,46,"ALT"
3719,46,"ALT"
3720,46,"ALT"
3721,47,"1"
3728,47,"7"
401,47,"3"
3733,47,"5"
3734,47,"8"
3738,47,"4"
3739,47,"6"
863,47,"2"
3743,47,"ALT"
3738,48,"1"
3749,48,"16"
984,48,"9"
3734,48,"6"
3753,48,"4"
3757,48,"14"
631,48,"12"
992,48,"7"
993,48,"5"
779,48,"11"
640,48,"13"
401,48,"3"
3733,48,"8"
3722,48,"10"
3771,48,"15"
3775,48,"2"
3776,48,"ALT"
3777,48,"ALT"
3747,48,"WC"
3765,48,"WC"
3766,48,"WC"
3768,48,"WC"
3770,48,"WC"
993,49,"1"
3701,49,"5"
3781,49,"3"
3734,49,"8"
3753,49,"7"
779,49,"4"
3790,49,"6"
401,49,"2"
3780,49,"WC"
3783,49,"WC"
3785,49,"WC"
3786,49,"WC"
444,49,"WC"
3788,49,"WC"
3791,49,"WC"
3792,49,"WC"
993,52,"1"
3701,52,"5"
3734,52,"3"
907,52,"8"
3775,52,"6"
3753,52,"4"
779,52,"7"
3822,52,"2"
3823,52,"ALT"
3825,53,"1"
3830,53,"6"
3831,53,"3"
3733,53,"5"
3836,53,"7"
779,53,"4"
3839,53,"8"
3822,53,"2"
712,53,"WC"
3731,53,"WC"
3833,53,"WC"
535,53,"WC"
959,53,"WC"
626,53,"WC"
3844,53,"ALT"
652,54,"1"
3835,54,"14"
3832,54,"10"
3775,54,"6"
3825,54,"3"
3858,54,"13"
3750,54,"12"
3733,54,"5"
3863,54,"7"
3865,54,"11"
818,54,"15"
661,54,"4"
3829,54,"8"
3812,54,"9"
3872,54,"16"
3875,54,"2"
3877,54,"ALT"
3876,54,"ALT"
3878,54,"ALT"
3879,55,"1"
3822,55,"6"
3733,55,"4"
3839,55,"7"
3865,55,"8"
661,55,"3"
3890,55,"5"
3893,55,"2"
3894,55,"ALT"
922,55,"ALT"
3880,55,"WC"
3883,55,"WC"
751,55,"WC"
3887,55,"WC"
3889,55,"WC"
3891,55,"WC"
916,55,"WC"
3892,55,"WC"
3879,57,"1"
779,57,"8"
3733,57,"3"
3913,57,"5"
3914,57,"7"
3893,57,"4"
3921,57,"6"
3926,57,"2"
3905,57,"WC"
3906,57,"WC"
3907,57,"WC"
3915,57,"WC"
3918,57,"WC"
3923,57,"WC"
3924,57,"WC"
3879,58,"1"
3931,58,"5"
3932,58,"3"
3935,58,"7"
3914,58,"8"
3843,58,"4"
3733,58,"6"
740,58,"2"
3930,58,"WC"
712,58,"WC"
626,58,"WC"
3833,58,"WC"
3942,58,"WC"
3731,58,"WC"
3946,58,"ALT"
3947,58,"ALT"
740,59,"1"
3929,59,"15"
3913,59,"9"
3733,59,"8"
3953,59,"3"
3958,59,"16"
3829,59,"11"
3914,59,"7"
3938,59,"6"
3834,59,"10"
3910,59,"13"
3931,59,"4"
3935,59,"5"
3970,59,"12"
3928,59,"14"
3879,59,"2"
3974,59,"ALT"
3975,59,"ALT"
3951,59,"WC"
3952,59,"WC"
3954,59,"WC"
811,59,"WC"
893,59,"WC"
3812,59,"17"
3879,60,"1"
3834,60,"7"
3933,60,"3"
3985,60,"6"
3839,60,"8"
3914,60,"4"
3991,60,"5"
3997,60,"2"
3965,60,"ALT"
3998,60,"ALT"
3977,60,"WC"
916,60,"WC"
3978,60,"WC"
3986,60,"WC"
3990,60,"WC"
3992,60,"WC"
3993,60,"WC"
3887,60,"WC"
4006,62,"1"
3835,62,"8"
4011,62,"4"
4018,62,"5"
4019,62,"7"
3997,62,"3"
3933,62,"6"
765,62,"2"
3924,62,"WC"
4007,62,"WC"
4012,62,"WC"
4015,62,"WC"
4017,62,"WC"
4023,62,"WC"
4026,62,"WC"
4028,62,"WC"
894,62,"ALT"
3919,63,"1"
4034,63,"6"
4035,63,"4"
4018,63,"5"
4038,63,"8"
4044,63,"3"
4045,63,"7"
4006,63,"2"
4039,63,"WC"
4040,63,"WC"
3942,63,"WC"
4042,63,"WC"
535,63,"WC"
4047,63,"WC"
4048,63,"ALT"
4049,63,"ALT"
4006,64,"1"
4008,64,"14"
4147,64,"11"
3834,64,"7"
3835,64,"4"
4013,64,"15"
4154,64,"10"
3958,64,"6"
4157,64,"8"
4162,64,"9"
805,64,"13"
4024,64,"3"
4167,64,"5"
656,64,"12"
3914,64,"16"
4018,64,"2"
976,64,"WC"
4151,64,"WC"
4148,64,"WC"
4145,64,"WC"
893,64,"WC"
4176,64,"ALT"
4006,65,"1"
4190,65,"7"
4191,65,"4"
3958,65,"6"
4045,65,"5"
845,65,"3"
3933,65,"8"
3831,65,"2"
4201,65,"WC"
4200,65,"WC"
4198,65,"WC"
4197,65,"WC"
4193,65,"WC"
3992,65,"WC"
3914,65,"WC"
916,65,"WC"
4159,65,"ALT"
4203,65,"ALT"
740,68,"1"
4216,68,"6"
4034,68,"3"
1014,68,"7"
4221,68,"8"
3835,68,"4"
4227,68,"5"
4006,68,"2"
4212,68,"WC"
4222,68,"WC"
4223,68,"WC"
3914,68,"WC"
4224,68,"WC"
4225,68,"WC"
3924,68,"WC"
4230,68,"WC"
3928,69,"1"
4266,69,"5"
4267,69,"4"
4271,69,"6"
4272,69,"8"
4034,69,"3"
4194,69,"7"
4006,69,"2"
535,69,"WC"
4039,69,"WC"
4274,69,"WC"
4276,69,"WC"
3942,69,"WC"
4277,69,"WC"
4278,69,"ALT"
4279,70,"1"
4145,70,"WC"
4281,70,"WC"
4151,70,"WC"
4288,70,"WC"
976,70,"WC"
4283,70,"16"
4284,70,"12"
4034,70,"5"
4227,70,"3"
779,70,"14"
4220,70,"9"
4267,70,"7"
4271,70,"8"
4194,70,"10"
4299,70,"13"
4006,70,"4"
4269,70,"6"
4305,70,"11"
4306,70,"15"
4018,70,"2"
4310,70,"ALT"
4311,70,"ALT"
4312,70,"ALT"
4313,70,"ALT"
4314,70,"ALT"
4279,71,"1"
4317,71,"WC"
4269,71,"5"
4318,71,"4"
4319,71,"WC"
4321,71,"WC"
4034,71,"6"
4194,71,"7"
4323,71,"WC"
4326,71,"WC"
4327,71,"3"
3933,71,"8"
4328,71,"WC"
4329,71,"WC"
4332,71,"WC"
4006,71,"2"
4339,73,"1"
4327,73,"7"
4343,73,"4"
4348,73,"5"
4034,73,"6"
867,73,"3"
4353,73,"8"
3907,73,"2"
4355,73,"WC"
4354,73,"WC"
4351,73,"WC"
4224,73,"WC"
4347,73,"WC"
4212,73,"WC"
4344,73,"WC"
4340,73,"WC"
4353,74,"1"
4327,74,"6"
4362,74,"4"
4367,74,"5"
4013,74,"8"
4370,74,"3"
4348,74,"7"
4376,74,"2"
4374,74,"WC"
4372,74,"WC"
4363,74,"WC"
4359,74,"WC"
3942,74,"WC"
4358,74,"WC"
3849,74,"ALT"
4353,75,"1"
4382,75,"13"
4220,75,"10"
3946,75,"8"
4356,75,"4"
4388,75,"14"
4357,75,"12"
4013,75,"7"
4391,75,"5"
4228,75,"9"
4174,75,"16"
4376,75,"3"
4034,75,"6"
4373,75,"11"
4278,75,"15"
867,75,"2"
4381,75,"WC"
4281,75,"WC"
4392,75,"WC"
4394,75,"WC"
4403,75,"WC"
4283,75,"ALT"
4405,75,"ALT"
4353,76,"1"
4034,76,"5"
4376,76,"4"
4220,76,"8"
4228,76,"7"
4419,76,"3"
4361,76,"6"
4423,76,"2"
4193,76,"WC"
4406,76,"WC"
916,76,"WC"
4412,76,"WC"
4413,76,"WC"
4416,76,"WC"
4418,76,"WC"
4422,76,"WC"
4353,78,"1"
4431,78,"WC"
4435,78,"WC"
4375,78,"7"
4221,78,"3"
4437,78,"WC"
491,78,"WC"
4013,78,"5"
4440,78,"8"
4442,78,"WC"
4443,78,"WC"
4446,78,"4"
4220,78,"6"
4447,78,"WC"
4371,78,"WC"
4449,78,"2"
4449,79,"1"
4417,79,"7"
4356,79,"4"
4013,79,"8"
4457,79,"6"
4221,79,"3"
4371,79,"5"
4353,79,"2"
535,79,"WC"
4452,79,"WC"
4454,79,"WC"
3942,79,"WC"
4461,79,"WC"
4462,79,"WC"
4464,79,"ALT"
4465,79,"ALT"
4449,80,"1"
4470,80,"14"
4471,80,"9"
4476,80,"7"
4371,80,"4"
4283,80,"15"
4415,80,"12"
4417,80,"6"
4438,80,"5"
4228,80,"10"
4487,80,"13"
4353,80,"3"
4376,80,"8"
4441,80,"11"
4492,80,"16"
4356,80,"2"
4472,80,"WC"
4479,80,"WC"
4480,80,"WC"
4281,80,"WC"
4493,80,"WC"
4495,80,"ALT"
4398,80,"ALT"
4327,81,"1"
4438,81,"8"
4376,81,"4"
4503,81,"7"
4504,81,"6"
4509,81,"3"
4449,81,"5"
4353,81,"2"
4498,81,"WC"
4406,81,"WC"
4506,81,"WC"
4508,81,"WC"
4413,81,"WC"
4411,81,"WC"
4510,81,"WC"
4511,81,"WC"
4294,81,"ALT"
3834,62,"7"
4512,82,"1"
4340,82,"WC"
4513,82,"WC"
4515,82,"8"
4327,82,"4"
4516,82,"WC"
4517,82,"WC"
4442,82,"WC"
4519,82,"7"
4376,82,"6"
4520,82,"WC"
4522,82,"WC"
4524,82,"3"
4525,82,"5"
4527,82,"WC"
4530,82,"ALT"
4525,83,"1"
4442,83,"WC"
4532,83,"WC"
4535,83,"8"
4536,83,"4"
4537,83,"WC"
4376,83,"7"
4221,83,"6"
4544,83,"WC"
4353,83,"3"
4310,83,"5"
4340,83,"WC"
4545,83,"WC"
4546,83,"WC"
4547,83,"WC"
4550,83,"2"
4511,83,"ALT"
4551,83,"ALT"
4552,83,"1"
4553,84,"1"
3784,84,"WC"
4555,84,"4"
4177,84,"WC"
4561,84,"2"
4310,84,"3"
4562,84,"ALT"
4563,85,"1"
4367,85,"14"
4567,85,"12"
4570,85,"7"
4571,85,"4"
4576,85,"16"
4577,85,"11"
4376,85,"6"
4327,85,"8"
4584,85,"10"
4542,85,"15"
4310,85,"3"
4588,85,"5"
4593,85,"9"
4551,85,"13"
4353,85,"2"
4597,85,"ALT"
4598,85,"ALT"
4599,85,"ALT"
4600,85,"ALT"
4569,85,"WC"
4573,85,"WC"
4581,85,"WC"
4582,85,"WC"
4590,85,"WC"
4601,85,"ALT"
4602,85,"ALT"
4371,85,"17"
4563,87,"1"
4428,87,"2"
4588,87,"3"
4607,87,"4"
4610,86,"1"
4411,86,"5"
4605,86,"4"
4327,86,"7"
4542,86,"6"
4557,86,"3"
4627,86,"8"
4497,86,"2"
4611,86,"WC"
4614,86,"WC"
4617,86,"WC"
4618,86,"WC"
4619,86,"WC"
4628,86,"WC"
4629,86,"WC"
4317,86,"WC"
4633,86,"ALT"
4634,86,"ALT"
4635,86,"ALT"
4497,88,"1"
4442,88,"WC"
4532,88,"WC"
4639,88,"6"
4550,88,"3"
4640,88,"WC"
4642,88,"WC"
4643,88,"7"
4644,88,"5"
4646,88,"WC"
4354,88,"WC"
3924,88,"WC"
4649,88,"4"
4542,88,"8"
4651,88,"WC"
4371,88,"2"
4655,88,"ALT"
4656,88,"ALT"
3942,89,"WC"
4665,89,"WC"
4669,89,"WC"
4671,89,"WC"
4672,89,"WC"
4676,89,"WC"
4657,89,"1"
4612,89,"8"
4570,89,"4"
4667,89,"6"
4668,89,"5"
4673,89,"3"
4674,89,"7"
4678,89,"2"
4679,89,"ALT"
4680,90,"1"
4612,90,"5"
4657,90,"3"
4689,90,"8"
4690,90,"6"
4673,90,"4"
4694,90,"7"
4570,90,"2"
4682,90,"WC"
4683,90,"WC"
4684,90,"WC"
4686,90,"WC"
4376,90,"WC"
4655,90,"ALT"
4666,90,"ALT"
4570,91,"1"
4703,91,"7"
4704,91,"4"
4439,91,"6"
4623,91,"5"
4612,91,"3"
4361,91,"8"
4716,91,"2"
4692,91,"ALT"
4747,92,"WC"
4612,92,"1"
4749,92,"6"
4570,92,"3"
4751,92,"WC"
4532,92,"WC"
4753,92,"5"
4754,92,"7"
4443,92,"WC"
4757,92,"WC"
4759,92,"WC"
4678,92,"4"
4710,92,"8"
4761,92,"WC"
4763,92,"WC"
4623,92,"2"
4764,92,"ALT"
4623,93,"1"
4768,93,"8"
4769,93,"3"
4775,93,"6"
4776,93,"7"
4356,93,"4"
4781,93,"5"
4497,93,"2"
4765,93,"WC"
4665,93,"WC"
4767,93,"WC"
3784,93,"WC"
4778,93,"WC"
4783,93,"WC"
4785,93,"WC"
4779,93,"ALT"
4623,94,"1"
4789,94,"WC"
4293,94,"7"
4792,94,"4"
4793,94,"WC"
4794,94,"WC"
4797,94,"5"
4680,94,"8"
4569,94,"WC"
4779,94,"WC"
4799,94,"3"
4194,94,"6"
4801,94,"WC"
4802,94,"WC"
4570,94,"2"
4804,94,"ALT"
4805,94,"ALT"
4806,94,"ALT"
4623,95,"1"
4816,95,"5"
4817,95,"4"
4822,95,"7"
4795,95,"8"
4826,95,"3"
4827,95,"6"
4570,95,"2"
4831,95,"ALT"
4832,95,"ALT"
4836,99,"1"
4858,99,"WC"
4547,99,"WC"
4562,99,"5"
4861,99,"3"
4862,99,"WC"
3924,99,"WC"
4863,99,"WC"
4661,99,"7"
4784,99,"6"
4864,99,"WC"
4759,99,"WC"
4867,99,"4"
4816,99,"8"
4720,99,"WC"
4570,99,"2"
4801,99,"ALT"
4872,99,"ALT"
4873,99,"ALT"
4797,100,"1"
4372,100,"WC"
4861,100,"7"
4570,100,"4"
4609,100,"WC"
3942,100,"WC"
4878,100,"8"
4879,100,"5"
4765,100,"WC"
4310,100,"3"
4648,100,"6"
4767,100,"WC"
4665,100,"WC"
4787,100,"WC"
4483,100,"WC"
4885,100,"2"
4886,100,"ALT"
4887,100,"ALT"
4888,100,"ALT"
4797,101,"1"
4890,101,"WC"
4891,101,"WC"
4893,101,"8"
4892,101,"WC"
4293,101,"3"
4895,101,"5"
4861,101,"7"
4900,101,"4"
4570,101,"6"
4901,101,"WC"
4903,101,"WC"
4904,101,"WC"
4648,101,"2"
4906,101,"ALT"
4907,101,"ALT"
4908,101,"ALT"
4729,102,"1"
4910,102,"3"
4428,102,"4"
4797,102,"2"
4916,103,"1"
4610,103,"6"
4919,103,"4"
4819,103,"8"
4861,103,"7"
4895,103,"3"
4570,103,"5"
4648,103,"2"
916,103,"WC"
4921,103,"WC"
4813,103,"WC"
4924,103,"WC"
4925,103,"WC"
4928,103,"WC"
4929,103,"WC"
4930,103,"WC"
4882,103,"ALT"
4931,103,"ALT"
4895,105,"1"
4957,105,"WC"
3924,105,"WC"
4960,105,"WC"
4861,105,"6"
4961,105,"3"
4962,105,"WC"
4963,105,"WC"
4965,105,"WC"
4923,105,"7"
4570,105,"5"
4967,105,"WC"
4443,105,"WC"
4970,105,"4"
4889,105,"8"
4648,105,"2"
4643,105,"ALT"
